[
    {
        "type": "AssignmentStatement",
        "id": {
            "type": "Identifier",
            "value": "Base"
        },
        "value": {
            "type": "ModuleConstructorExpression",
            "body": [
                {
                    "type": "ObjectStatement",
                    "category": {
                        "type": "Identifier",
                        "value": "template"
                    },
                    "id": {
                        "type": "Identifier",
                        "value": "vehicle Seat"
                    },
                    "value": {
                        "type": "ObjectConstructorExpression",
                        "body": [
                            {
                                "type": "AssignmentStatement",
                                "id": {
                                    "type": "Identifier",
                                    "value": "SeatFrontLeft"
                                },
                                "value": {
                                    "type": "ObjectConstructorExpression",
                                    "body": [
                                        {
                                            "type": "AssignmentStatement",
                                            "id": {
                                                "type": "Identifier",
                                                "value": "area"
                                            },
                                            "value": {
                                                "type": "AssignmentExpression",
                                                "operator": "=",
                                                "value": {
                                                    "type": "StringLiteral",
                                                    "value": "SeatFrontLeft"
                                                }
                                            }
                                        },
                                        {
                                            "type": "AssignmentStatement",
                                            "id": {
                                                "type": "Identifier",
                                                "value": "container"
                                            },
                                            "value": {
                                                "type": "ObjectConstructorExpression",
                                                "body": [
                                                    {
                                                        "type": "AssignmentStatement",
                                                        "id": {
                                                            "type": "Identifier",
                                                            "value": "seat"
                                                        },
                                                        "value": {
                                                            "type": "AssignmentExpression",
                                                            "operator": "=",
                                                            "value": {
                                                                "type": "StringLiteral",
                                                                "value": "FrontLeft"
                                                            }
                                                        }
                                                    }
                                                ]
                                            }
                                        }
                                    ]
                                }
                            },
                            {
                                "type": "AssignmentStatement",
                                "id": {
                                    "type": "Identifier",
                                    "value": "SeatFrontRight"
                                },
                                "value": {
                                    "type": "ObjectConstructorExpression",
                                    "body": [
                                        {
                                            "type": "AssignmentStatement",
                                            "id": {
                                                "type": "Identifier",
                                                "value": "area"
                                            },
                                            "value": {
                                                "type": "AssignmentExpression",
                                                "operator": "=",
                                                "value": {
                                                    "type": "StringLiteral",
                                                    "value": "SeatFrontRight"
                                                }
                                            }
                                        },
                                        {
                                            "type": "AssignmentStatement",
                                            "id": {
                                                "type": "Identifier",
                                                "value": "container"
                                            },
                                            "value": {
                                                "type": "ObjectConstructorExpression",
                                                "body": [
                                                    {
                                                        "type": "AssignmentStatement",
                                                        "id": {
                                                            "type": "Identifier",
                                                            "value": "seat"
                                                        },
                                                        "value": {
                                                            "type": "AssignmentExpression",
                                                            "operator": "=",
                                                            "value": {
                                                                "type": "StringLiteral",
                                                                "value": "FrontRight"
                                                            }
                                                        }
                                                    }
                                                ]
                                            }
                                        }
                                    ]
                                }
                            },
                            {
                                "type": "AssignmentStatement",
                                "id": {
                                    "type": "Identifier",
                                    "value": "SeatMiddleLeft"
                                },
                                "value": {
                                    "type": "ObjectConstructorExpression",
                                    "body": [
                                        {
                                            "type": "AssignmentStatement",
                                            "id": {
                                                "type": "Identifier",
                                                "value": "area"
                                            },
                                            "value": {
                                                "type": "AssignmentExpression",
                                                "operator": "=",
                                                "value": {
                                                    "type": "StringLiteral",
                                                    "value": "SeatMiddleLeft"
                                                }
                                            }
                                        },
                                        {
                                            "type": "AssignmentStatement",
                                            "id": {
                                                "type": "Identifier",
                                                "value": "container"
                                            },
                                            "value": {
                                                "type": "ObjectConstructorExpression",
                                                "body": [
                                                    {
                                                        "type": "AssignmentStatement",
                                                        "id": {
                                                            "type": "Identifier",
                                                            "value": "seat"
                                                        },
                                                        "value": {
                                                            "type": "AssignmentExpression",
                                                            "operator": "=",
                                                            "value": {
                                                                "type": "StringLiteral",
                                                                "value": "MiddleLeft"
                                                            }
                                                        }
                                                    }
                                                ]
                                            }
                                        }
                                    ]
                                }
                            },
                            {
                                "type": "AssignmentStatement",
                                "id": {
                                    "type": "Identifier",
                                    "value": "SeatMiddleRight"
                                },
                                "value": {
                                    "type": "ObjectConstructorExpression",
                                    "body": [
                                        {
                                            "type": "AssignmentStatement",
                                            "id": {
                                                "type": "Identifier",
                                                "value": "area"
                                            },
                                            "value": {
                                                "type": "AssignmentExpression",
                                                "operator": "=",
                                                "value": {
                                                    "type": "StringLiteral",
                                                    "value": "SeatMiddleRight"
                                                }
                                            }
                                        },
                                        {
                                            "type": "AssignmentStatement",
                                            "id": {
                                                "type": "Identifier",
                                                "value": "container"
                                            },
                                            "value": {
                                                "type": "ObjectConstructorExpression",
                                                "body": [
                                                    {
                                                        "type": "AssignmentStatement",
                                                        "id": {
                                                            "type": "Identifier",
                                                            "value": "seat"
                                                        },
                                                        "value": {
                                                            "type": "AssignmentExpression",
                                                            "operator": "=",
                                                            "value": {
                                                                "type": "StringLiteral",
                                                                "value": "MiddleRight"
                                                            }
                                                        }
                                                    }
                                                ]
                                            }
                                        }
                                    ]
                                }
                            },
                            {
                                "type": "AssignmentStatement",
                                "id": {
                                    "type": "Identifier",
                                    "value": "SeatRearLeft"
                                },
                                "value": {
                                    "type": "ObjectConstructorExpression",
                                    "body": [
                                        {
                                            "type": "AssignmentStatement",
                                            "id": {
                                                "type": "Identifier",
                                                "value": "area"
                                            },
                                            "value": {
                                                "type": "AssignmentExpression",
                                                "operator": "=",
                                                "value": {
                                                    "type": "StringLiteral",
                                                    "value": "SeatRearLeft"
                                                }
                                            }
                                        },
                                        {
                                            "type": "AssignmentStatement",
                                            "id": {
                                                "type": "Identifier",
                                                "value": "container"
                                            },
                                            "value": {
                                                "type": "ObjectConstructorExpression",
                                                "body": [
                                                    {
                                                        "type": "AssignmentStatement",
                                                        "id": {
                                                            "type": "Identifier",
                                                            "value": "seat"
                                                        },
                                                        "value": {
                                                            "type": "AssignmentExpression",
                                                            "operator": "=",
                                                            "value": {
                                                                "type": "StringLiteral",
                                                                "value": "RearLeft"
                                                            }
                                                        }
                                                    }
                                                ]
                                            }
                                        }
                                    ]
                                }
                            },
                            {
                                "type": "AssignmentStatement",
                                "id": {
                                    "type": "Identifier",
                                    "value": "SeatRearRight"
                                },
                                "value": {
                                    "type": "ObjectConstructorExpression",
                                    "body": [
                                        {
                                            "type": "AssignmentStatement",
                                            "id": {
                                                "type": "Identifier",
                                                "value": "area"
                                            },
                                            "value": {
                                                "type": "AssignmentExpression",
                                                "operator": "=",
                                                "value": {
                                                    "type": "StringLiteral",
                                                    "value": "SeatRearRight"
                                                }
                                            }
                                        },
                                        {
                                            "type": "AssignmentStatement",
                                            "id": {
                                                "type": "Identifier",
                                                "value": "container"
                                            },
                                            "value": {
                                                "type": "ObjectConstructorExpression",
                                                "body": [
                                                    {
                                                        "type": "AssignmentStatement",
                                                        "id": {
                                                            "type": "Identifier",
                                                            "value": "seat"
                                                        },
                                                        "value": {
                                                            "type": "AssignmentExpression",
                                                            "operator": "=",
                                                            "value": {
                                                                "type": "StringLiteral",
                                                                "value": "RearRight"
                                                            }
                                                        }
                                                    }
                                                ]
                                            }
                                        }
                                    ]
                                }
                            },
                            {
                                "type": "AssignmentStatement",
                                "id": {
                                    "type": "Identifier",
                                    "value": "Seat*"
                                },
                                "value": {
                                    "type": "ObjectConstructorExpression",
                                    "body": [
                                        {
                                            "type": "AssignmentStatement",
                                            "id": {
                                                "type": "Identifier",
                                                "value": "category"
                                            },
                                            "value": {
                                                "type": "AssignmentExpression",
                                                "operator": "=",
                                                "value": {
                                                    "type": "StringLiteral",
                                                    "value": "seat"
                                                }
                                            }
                                        },
                                        {
                                            "type": "AssignmentStatement",
                                            "id": {
                                                "type": "Identifier",
                                                "value": "itemType"
                                            },
                                            "value": {
                                                "type": "AssignmentExpression",
                                                "operator": "=",
                                                "value": {
                                                    "type": "StringLiteral",
                                                    "value": "Base.NormalCarSeat"
                                                }
                                            }
                                        },
                                        {
                                            "type": "AssignmentStatement",
                                            "id": {
                                                "type": "Identifier",
                                                "value": "mechanicRequireKey"
                                            },
                                            "value": {
                                                "type": "AssignmentExpression",
                                                "operator": "=",
                                                "value": {
                                                    "type": "BooleanLiteral",
                                                    "value": true
                                                }
                                            }
                                        },
                                        {
                                            "type": "AssignmentStatement",
                                            "id": {
                                                "type": "Identifier",
                                                "value": "container"
                                            },
                                            "value": {
                                                "type": "ObjectConstructorExpression",
                                                "body": [
                                                    {
                                                        "type": "AssignmentStatement",
                                                        "id": {
                                                            "type": "Identifier",
                                                            "value": "test"
                                                        },
                                                        "value": {
                                                            "type": "AssignmentExpression",
                                                            "operator": "=",
                                                            "value": {
                                                                "type": "StringLiteral",
                                                                "value": "Vehicles.ContainerAccess.Seat"
                                                            }
                                                        }
                                                    }
                                                ]
                                            }
                                        },
                                        {
                                            "type": "AssignmentStatement",
                                            "id": {
                                                "type": "Identifier",
                                                "value": "install"
                                            },
                                            "value": {
                                                "type": "ObjectConstructorExpression",
                                                "body": [
                                                    {
                                                        "type": "AssignmentStatement",
                                                        "id": {
                                                            "type": "Identifier",
                                                            "value": "items"
                                                        },
                                                        "value": {
                                                            "type": "ObjectConstructorExpression",
                                                            "body": [
                                                                {
                                                                    "type": "AssignmentStatement",
                                                                    "id": {
                                                                        "type": "Identifier",
                                                                        "value": "1"
                                                                    },
                                                                    "value": {
                                                                        "type": "ObjectConstructorExpression",
                                                                        "body": [
                                                                            {
                                                                                "type": "AssignmentStatement",
                                                                                "id": {
                                                                                    "type": "Identifier",
                                                                                    "value": "type"
                                                                                },
                                                                                "value": {
                                                                                    "type": "AssignmentExpression",
                                                                                    "operator": "=",
                                                                                    "value": {
                                                                                        "type": "StringLiteral",
                                                                                        "value": "Base.Screwdriver"
                                                                                    }
                                                                                }
                                                                            },
                                                                            {
                                                                                "type": "AssignmentStatement",
                                                                                "id": {
                                                                                    "type": "Identifier",
                                                                                    "value": "count"
                                                                                },
                                                                                "value": {
                                                                                    "type": "AssignmentExpression",
                                                                                    "operator": "=",
                                                                                    "value": {
                                                                                        "type": "NumericLiteral",
                                                                                        "value": 1
                                                                                    }
                                                                                }
                                                                            },
                                                                            {
                                                                                "type": "AssignmentStatement",
                                                                                "id": {
                                                                                    "type": "Identifier",
                                                                                    "value": "keep"
                                                                                },
                                                                                "value": {
                                                                                    "type": "AssignmentExpression",
                                                                                    "operator": "=",
                                                                                    "value": {
                                                                                        "type": "BooleanLiteral",
                                                                                        "value": true
                                                                                    }
                                                                                }
                                                                            },
                                                                            {
                                                                                "type": "AssignmentStatement",
                                                                                "id": {
                                                                                    "type": "Identifier",
                                                                                    "value": "equip"
                                                                                },
                                                                                "value": {
                                                                                    "type": "AssignmentExpression",
                                                                                    "operator": "=",
                                                                                    "value": {
                                                                                        "type": "StringLiteral",
                                                                                        "value": "primary"
                                                                                    }
                                                                                }
                                                                            }
                                                                        ]
                                                                    }
                                                                }
                                                            ]
                                                        }
                                                    },
                                                    {
                                                        "type": "AssignmentStatement",
                                                        "id": {
                                                            "type": "Identifier",
                                                            "value": "time"
                                                        },
                                                        "value": {
                                                            "type": "AssignmentExpression",
                                                            "operator": "=",
                                                            "value": {
                                                                "type": "NumericLiteral",
                                                                "value": 300
                                                            }
                                                        }
                                                    },
                                                    {
                                                        "type": "AssignmentStatement",
                                                        "id": {
                                                            "type": "Identifier",
                                                            "value": "skills"
                                                        },
                                                        "value": {
                                                            "type": "AssignmentExpression",
                                                            "operator": "=",
                                                            "value": {
                                                                "type": "StringLiteral",
                                                                "value": "Mechanics : 1"
                                                            }
                                                        }
                                                    },
                                                    {
                                                        "type": "AssignmentStatement",
                                                        "id": {
                                                            "type": "Identifier",
                                                            "value": "recipes"
                                                        },
                                                        "value": {
                                                            "type": "AssignmentExpression",
                                                            "operator": "=",
                                                            "value": {
                                                                "type": "StringLiteral",
                                                                "value": "Basic Mechanics"
                                                            }
                                                        }
                                                    },
                                                    {
                                                        "type": "AssignmentStatement",
                                                        "id": {
                                                            "type": "Identifier",
                                                            "value": "test"
                                                        },
                                                        "value": {
                                                            "type": "AssignmentExpression",
                                                            "operator": "=",
                                                            "value": {
                                                                "type": "StringLiteral",
                                                                "value": "Vehicles.InstallTest.Default"
                                                            }
                                                        }
                                                    }
                                                ]
                                            }
                                        },
                                        {
                                            "type": "AssignmentStatement",
                                            "id": {
                                                "type": "Identifier",
                                                "value": "uninstall"
                                            },
                                            "value": {
                                                "type": "ObjectConstructorExpression",
                                                "body": [
                                                    {
                                                        "type": "AssignmentStatement",
                                                        "id": {
                                                            "type": "Identifier",
                                                            "value": "items"
                                                        },
                                                        "value": {
                                                            "type": "ObjectConstructorExpression",
                                                            "body": [
                                                                {
                                                                    "type": "AssignmentStatement",
                                                                    "id": {
                                                                        "type": "Identifier",
                                                                        "value": "1"
                                                                    },
                                                                    "value": {
                                                                        "type": "ObjectConstructorExpression",
                                                                        "body": [
                                                                            {
                                                                                "type": "AssignmentStatement",
                                                                                "id": {
                                                                                    "type": "Identifier",
                                                                                    "value": "type"
                                                                                },
                                                                                "value": {
                                                                                    "type": "AssignmentExpression",
                                                                                    "operator": "=",
                                                                                    "value": {
                                                                                        "type": "StringLiteral",
                                                                                        "value": "Base.Screwdriver"
                                                                                    }
                                                                                }
                                                                            },
                                                                            {
                                                                                "type": "AssignmentStatement",
                                                                                "id": {
                                                                                    "type": "Identifier",
                                                                                    "value": "count"
                                                                                },
                                                                                "value": {
                                                                                    "type": "AssignmentExpression",
                                                                                    "operator": "=",
                                                                                    "value": {
                                                                                        "type": "NumericLiteral",
                                                                                        "value": 1
                                                                                    }
                                                                                }
                                                                            },
                                                                            {
                                                                                "type": "AssignmentStatement",
                                                                                "id": {
                                                                                    "type": "Identifier",
                                                                                    "value": "keep"
                                                                                },
                                                                                "value": {
                                                                                    "type": "AssignmentExpression",
                                                                                    "operator": "=",
                                                                                    "value": {
                                                                                        "type": "BooleanLiteral",
                                                                                        "value": true
                                                                                    }
                                                                                }
                                                                            },
                                                                            {
                                                                                "type": "AssignmentStatement",
                                                                                "id": {
                                                                                    "type": "Identifier",
                                                                                    "value": "equip"
                                                                                },
                                                                                "value": {
                                                                                    "type": "AssignmentExpression",
                                                                                    "operator": "=",
                                                                                    "value": {
                                                                                        "type": "StringLiteral",
                                                                                        "value": "primary"
                                                                                    }
                                                                                }
                                                                            }
                                                                        ]
                                                                    }
                                                                }
                                                            ]
                                                        }
                                                    },
                                                    {
                                                        "type": "AssignmentStatement",
                                                        "id": {
                                                            "type": "Identifier",
                                                            "value": "time"
                                                        },
                                                        "value": {
                                                            "type": "AssignmentExpression",
                                                            "operator": "=",
                                                            "value": {
                                                                "type": "NumericLiteral",
                                                                "value": 300
                                                            }
                                                        }
                                                    },
                                                    {
                                                        "type": "AssignmentStatement",
                                                        "id": {
                                                            "type": "Identifier",
                                                            "value": "skills"
                                                        },
                                                        "value": {
                                                            "type": "AssignmentExpression",
                                                            "operator": "=",
                                                            "value": {
                                                                "type": "StringLiteral",
                                                                "value": "Mechanics : 1"
                                                            }
                                                        }
                                                    },
                                                    {
                                                        "type": "AssignmentStatement",
                                                        "id": {
                                                            "type": "Identifier",
                                                            "value": "recipes"
                                                        },
                                                        "value": {
                                                            "type": "AssignmentExpression",
                                                            "operator": "=",
                                                            "value": {
                                                                "type": "StringLiteral",
                                                                "value": "Basic Mechanics"
                                                            }
                                                        }
                                                    },
                                                    {
                                                        "type": "AssignmentStatement",
                                                        "id": {
                                                            "type": "Identifier",
                                                            "value": "test"
                                                        },
                                                        "value": {
                                                            "type": "AssignmentExpression",
                                                            "operator": "=",
                                                            "value": {
                                                                "type": "StringLiteral",
                                                                "value": "Vehicles.UninstallTest.Default"
                                                            }
                                                        }
                                                    },
                                                    {
                                                        "type": "AssignmentStatement",
                                                        "id": {
                                                            "type": "Identifier",
                                                            "value": "requireEmpty"
                                                        },
                                                        "value": {
                                                            "type": "AssignmentExpression",
                                                            "operator": "=",
                                                            "value": {
                                                                "type": "BooleanLiteral",
                                                                "value": true
                                                            }
                                                        }
                                                    }
                                                ]
                                            }
                                        },
                                        {
                                            "type": "AssignmentStatement",
                                            "id": {
                                                "type": "Identifier",
                                                "value": "lua"
                                            },
                                            "value": {
                                                "type": "ObjectConstructorExpression",
                                                "body": [
                                                    {
                                                        "type": "AssignmentStatement",
                                                        "id": {
                                                            "type": "Identifier",
                                                            "value": "create"
                                                        },
                                                        "value": {
                                                            "type": "AssignmentExpression",
                                                            "operator": "=",
                                                            "value": {
                                                                "type": "StringLiteral",
                                                                "value": "Vehicles.Create.Default"
                                                            }
                                                        }
                                                    }
                                                ]
                                            }
                                        }
                                    ]
                                }
                            }
                        ]
                    }
                }
            ]
        }
    }
]