[
    {
        "type": "AssignmentStatement",
        "id": {
            "type": "Identifier",
            "value": "Base"
        },
        "value": {
            "type": "ModuleConstructorExpression",
            "body": [
                {
                    "type": "ObjectStatement",
                    "category": {
                        "type": "Identifier",
                        "value": "template"
                    },
                    "id": {
                        "type": "Identifier",
                        "value": "vehicle Muffler"
                    },
                    "value": {
                        "type": "ObjectConstructorExpression",
                        "body": [
                            {
                                "type": "AssignmentStatement",
                                "id": {
                                    "type": "Identifier",
                                    "value": "Muffler"
                                },
                                "value": {
                                    "type": "ObjectConstructorExpression",
                                    "body": [
                                        {
                                            "type": "AssignmentStatement",
                                            "id": {
                                                "type": "Identifier",
                                                "value": "area"
                                            },
                                            "value": {
                                                "type": "AssignmentExpression",
                                                "operator": "=",
                                                "value": {
                                                    "type": "StringLiteral",
                                                    "value": "TruckBed"
                                                }
                                            }
                                        },
                                        {
                                            "type": "AssignmentStatement",
                                            "id": {
                                                "type": "Identifier",
                                                "value": "itemType"
                                            },
                                            "value": {
                                                "type": "AssignmentExpression",
                                                "operator": "=",
                                                "value": {
                                                    "type": "StringLiteral",
                                                    "value": "Base.OldCarMuffler;Base.NormalCarMuffler;Base.ModernCarMuffler"
                                                }
                                            }
                                        },
                                        {
                                            "type": "AssignmentStatement",
                                            "id": {
                                                "type": "Identifier",
                                                "value": "category"
                                            },
                                            "value": {
                                                "type": "AssignmentExpression",
                                                "operator": "=",
                                                "value": {
                                                    "type": "StringLiteral",
                                                    "value": "engine"
                                                }
                                            }
                                        },
                                        {
                                            "type": "AssignmentStatement",
                                            "id": {
                                                "type": "Identifier",
                                                "value": "install"
                                            },
                                            "value": {
                                                "type": "ObjectConstructorExpression",
                                                "body": [
                                                    {
                                                        "type": "AssignmentStatement",
                                                        "id": {
                                                            "type": "Identifier",
                                                            "value": "items"
                                                        },
                                                        "value": {
                                                            "type": "ObjectConstructorExpression",
                                                            "body": [
                                                                {
                                                                    "type": "AssignmentStatement",
                                                                    "id": {
                                                                        "type": "Identifier",
                                                                        "value": "item"
                                                                    },
                                                                    "value": {
                                                                        "type": "ObjectConstructorExpression",
                                                                        "body": [
                                                                            {
                                                                                "type": "AssignmentStatement",
                                                                                "id": {
                                                                                    "type": "Identifier",
                                                                                    "value": "type"
                                                                                },
                                                                                "value": {
                                                                                    "type": "AssignmentExpression",
                                                                                    "operator": "=",
                                                                                    "value": {
                                                                                        "type": "StringLiteral",
                                                                                        "value": "Base.Wrench"
                                                                                    }
                                                                                }
                                                                            },
                                                                            {
                                                                                "type": "AssignmentStatement",
                                                                                "id": {
                                                                                    "type": "Identifier",
                                                                                    "value": "count"
                                                                                },
                                                                                "value": {
                                                                                    "type": "AssignmentExpression",
                                                                                    "operator": "=",
                                                                                    "value": {
                                                                                        "type": "NumericLiteral",
                                                                                        "value": 1
                                                                                    }
                                                                                }
                                                                            },
                                                                            {
                                                                                "type": "AssignmentStatement",
                                                                                "id": {
                                                                                    "type": "Identifier",
                                                                                    "value": "keep"
                                                                                },
                                                                                "value": {
                                                                                    "type": "AssignmentExpression",
                                                                                    "operator": "=",
                                                                                    "value": {
                                                                                        "type": "BooleanLiteral",
                                                                                        "value": true
                                                                                    }
                                                                                }
                                                                            },
                                                                            {
                                                                                "type": "AssignmentStatement",
                                                                                "id": {
                                                                                    "type": "Identifier",
                                                                                    "value": "equip"
                                                                                },
                                                                                "value": {
                                                                                    "type": "AssignmentExpression",
                                                                                    "operator": "=",
                                                                                    "value": {
                                                                                        "type": "StringLiteral",
                                                                                        "value": "primary"
                                                                                    }
                                                                                }
                                                                            }
                                                                        ]
                                                                    }
                                                                }
                                                            ]
                                                        }
                                                    },
                                                    {
                                                        "type": "AssignmentStatement",
                                                        "id": {
                                                            "type": "Identifier",
                                                            "value": "time"
                                                        },
                                                        "value": {
                                                            "type": "AssignmentExpression",
                                                            "operator": "=",
                                                            "value": {
                                                                "type": "NumericLiteral",
                                                                "value": 500
                                                            }
                                                        }
                                                    },
                                                    {
                                                        "type": "AssignmentStatement",
                                                        "id": {
                                                            "type": "Identifier",
                                                            "value": "skills"
                                                        },
                                                        "value": {
                                                            "type": "AssignmentExpression",
                                                            "operator": "=",
                                                            "value": {
                                                                "type": "StringLiteral",
                                                                "value": "Mechanics : 5"
                                                            }
                                                        }
                                                    },
                                                    {
                                                        "type": "AssignmentStatement",
                                                        "id": {
                                                            "type": "Identifier",
                                                            "value": "recipes"
                                                        },
                                                        "value": {
                                                            "type": "AssignmentExpression",
                                                            "operator": "=",
                                                            "value": {
                                                                "type": "StringLiteral",
                                                                "value": "Basic Mechanics"
                                                            }
                                                        }
                                                    },
                                                    {
                                                        "type": "AssignmentStatement",
                                                        "id": {
                                                            "type": "Identifier",
                                                            "value": "test"
                                                        },
                                                        "value": {
                                                            "type": "AssignmentExpression",
                                                            "operator": "=",
                                                            "value": {
                                                                "type": "StringLiteral",
                                                                "value": "Vehicles.InstallTest.Default"
                                                            }
                                                        }
                                                    },
                                                    {
                                                        "type": "AssignmentStatement",
                                                        "id": {
                                                            "type": "Identifier",
                                                            "value": "door"
                                                        },
                                                        "value": {
                                                            "type": "AssignmentExpression",
                                                            "operator": "=",
                                                            "value": {
                                                                "type": "StringLiteral",
                                                                "value": "EngineDoor"
                                                            }
                                                        }
                                                    }
                                                ]
                                            }
                                        },
                                        {
                                            "type": "AssignmentStatement",
                                            "id": {
                                                "type": "Identifier",
                                                "value": "uninstall"
                                            },
                                            "value": {
                                                "type": "ObjectConstructorExpression",
                                                "body": [
                                                    {
                                                        "type": "AssignmentStatement",
                                                        "id": {
                                                            "type": "Identifier",
                                                            "value": "items"
                                                        },
                                                        "value": {
                                                            "type": "ObjectConstructorExpression",
                                                            "body": [
                                                                {
                                                                    "type": "AssignmentStatement",
                                                                    "id": {
                                                                        "type": "Identifier",
                                                                        "value": "item"
                                                                    },
                                                                    "value": {
                                                                        "type": "ObjectConstructorExpression",
                                                                        "body": [
                                                                            {
                                                                                "type": "AssignmentStatement",
                                                                                "id": {
                                                                                    "type": "Identifier",
                                                                                    "value": "type"
                                                                                },
                                                                                "value": {
                                                                                    "type": "AssignmentExpression",
                                                                                    "operator": "=",
                                                                                    "value": {
                                                                                        "type": "StringLiteral",
                                                                                        "value": "Base.Wrench"
                                                                                    }
                                                                                }
                                                                            },
                                                                            {
                                                                                "type": "AssignmentStatement",
                                                                                "id": {
                                                                                    "type": "Identifier",
                                                                                    "value": "count"
                                                                                },
                                                                                "value": {
                                                                                    "type": "AssignmentExpression",
                                                                                    "operator": "=",
                                                                                    "value": {
                                                                                        "type": "NumericLiteral",
                                                                                        "value": 1
                                                                                    }
                                                                                }
                                                                            },
                                                                            {
                                                                                "type": "AssignmentStatement",
                                                                                "id": {
                                                                                    "type": "Identifier",
                                                                                    "value": "keep"
                                                                                },
                                                                                "value": {
                                                                                    "type": "AssignmentExpression",
                                                                                    "operator": "=",
                                                                                    "value": {
                                                                                        "type": "BooleanLiteral",
                                                                                        "value": true
                                                                                    }
                                                                                }
                                                                            },
                                                                            {
                                                                                "type": "AssignmentStatement",
                                                                                "id": {
                                                                                    "type": "Identifier",
                                                                                    "value": "equip"
                                                                                },
                                                                                "value": {
                                                                                    "type": "AssignmentExpression",
                                                                                    "operator": "=",
                                                                                    "value": {
                                                                                        "type": "StringLiteral",
                                                                                        "value": "primary"
                                                                                    }
                                                                                }
                                                                            }
                                                                        ]
                                                                    }
                                                                }
                                                            ]
                                                        }
                                                    },
                                                    {
                                                        "type": "AssignmentStatement",
                                                        "id": {
                                                            "type": "Identifier",
                                                            "value": "time"
                                                        },
                                                        "value": {
                                                            "type": "AssignmentExpression",
                                                            "operator": "=",
                                                            "value": {
                                                                "type": "NumericLiteral",
                                                                "value": 500
                                                            }
                                                        }
                                                    },
                                                    {
                                                        "type": "AssignmentStatement",
                                                        "id": {
                                                            "type": "Identifier",
                                                            "value": "skills"
                                                        },
                                                        "value": {
                                                            "type": "AssignmentExpression",
                                                            "operator": "=",
                                                            "value": {
                                                                "type": "StringLiteral",
                                                                "value": "Mechanics : 5"
                                                            }
                                                        }
                                                    },
                                                    {
                                                        "type": "AssignmentStatement",
                                                        "id": {
                                                            "type": "Identifier",
                                                            "value": "recipes"
                                                        },
                                                        "value": {
                                                            "type": "AssignmentExpression",
                                                            "operator": "=",
                                                            "value": {
                                                                "type": "StringLiteral",
                                                                "value": "Basic Mechanics"
                                                            }
                                                        }
                                                    },
                                                    {
                                                        "type": "AssignmentStatement",
                                                        "id": {
                                                            "type": "Identifier",
                                                            "value": "test"
                                                        },
                                                        "value": {
                                                            "type": "AssignmentExpression",
                                                            "operator": "=",
                                                            "value": {
                                                                "type": "StringLiteral",
                                                                "value": "Vehicles.UninstallTest.Default"
                                                            }
                                                        }
                                                    }
                                                ]
                                            }
                                        },
                                        {
                                            "type": "AssignmentStatement",
                                            "id": {
                                                "type": "Identifier",
                                                "value": "lua"
                                            },
                                            "value": {
                                                "type": "ObjectConstructorExpression",
                                                "body": [
                                                    {
                                                        "type": "AssignmentStatement",
                                                        "id": {
                                                            "type": "Identifier",
                                                            "value": "create"
                                                        },
                                                        "value": {
                                                            "type": "AssignmentExpression",
                                                            "operator": "=",
                                                            "value": {
                                                                "type": "StringLiteral",
                                                                "value": "Vehicles.Create.Default"
                                                            }
                                                        }
                                                    },
                                                    {
                                                        "type": "AssignmentStatement",
                                                        "id": {
                                                            "type": "Identifier",
                                                            "value": "update"
                                                        },
                                                        "value": {
                                                            "type": "AssignmentExpression",
                                                            "operator": "=",
                                                            "value": {
                                                                "type": "StringLiteral",
                                                                "value": "Vehicles.Update.Muffler"
                                                            }
                                                        }
                                                    }
                                                ]
                                            }
                                        }
                                    ]
                                }
                            }
                        ]
                    }
                }
            ]
        }
    }
]