[
    {
        "type": "AssignmentStatement",
        "id": {
            "type": "Identifier",
            "value": "Base"
        },
        "value": {
            "type": "ModuleConstructorExpression",
            "body": [
                {
                    "type": "ObjectStatement",
                    "category": {
                        "type": "Identifier",
                        "value": "template"
                    },
                    "id": {
                        "type": "Identifier",
                        "value": "vehicle EngineDoor"
                    },
                    "value": {
                        "type": "ObjectConstructorExpression",
                        "body": [
                            {
                                "type": "AssignmentStatement",
                                "id": {
                                    "type": "Identifier",
                                    "value": "EngineDoor"
                                },
                                "value": {
                                    "type": "ObjectConstructorExpression",
                                    "body": [
                                        {
                                            "type": "AssignmentStatement",
                                            "id": {
                                                "type": "Identifier",
                                                "value": "category"
                                            },
                                            "value": {
                                                "type": "AssignmentExpression",
                                                "operator": "=",
                                                "value": {
                                                    "type": "StringLiteral",
                                                    "value": "bodywork"
                                                }
                                            }
                                        },
                                        {
                                            "type": "AssignmentStatement",
                                            "id": {
                                                "type": "Identifier",
                                                "value": "area"
                                            },
                                            "value": {
                                                "type": "AssignmentExpression",
                                                "operator": "=",
                                                "value": {
                                                    "type": "StringLiteral",
                                                    "value": "Engine"
                                                }
                                            }
                                        },
                                        {
                                            "type": "AssignmentStatement",
                                            "id": {
                                                "type": "Identifier",
                                                "value": "door"
                                            },
                                            "value": {
                                                "type": "ObjectConstructorExpression",
                                                "body": []
                                            }
                                        },
                                        {
                                            "type": "AssignmentStatement",
                                            "id": {
                                                "type": "Identifier",
                                                "value": "Open"
                                            },
                                            "value": {
                                                "type": "ObjectConstructorExpression",
                                                "body": [
                                                    {
                                                        "type": "AssignmentStatement",
                                                        "id": {
                                                            "type": "Identifier",
                                                            "value": "sound"
                                                        },
                                                        "value": {
                                                            "type": "AssignmentExpression",
                                                            "operator": "=",
                                                            "value": {
                                                                "type": "StringLiteral",
                                                                "value": "VehicleHoodOpenStandard"
                                                            }
                                                        }
                                                    }
                                                ]
                                            }
                                        },
                                        {
                                            "type": "AssignmentStatement",
                                            "id": {
                                                "type": "Identifier",
                                                "value": "Close"
                                            },
                                            "value": {
                                                "type": "ObjectConstructorExpression",
                                                "body": [
                                                    {
                                                        "type": "AssignmentStatement",
                                                        "id": {
                                                            "type": "Identifier",
                                                            "value": "sound"
                                                        },
                                                        "value": {
                                                            "type": "AssignmentExpression",
                                                            "operator": "=",
                                                            "value": {
                                                                "type": "StringLiteral",
                                                                "value": "VehicleHoodCloseStandard"
                                                            }
                                                        }
                                                    }
                                                ]
                                            }
                                        },
                                        {
                                            "type": "AssignmentStatement",
                                            "id": {
                                                "type": "Identifier",
                                                "value": "ActorOpen"
                                            },
                                            "value": {
                                                "type": "ObjectConstructorExpression",
                                                "body": [
                                                    {
                                                        "type": "AssignmentStatement",
                                                        "id": {
                                                            "type": "Identifier",
                                                            "value": "anim"
                                                        },
                                                        "value": {
                                                            "type": "AssignmentExpression",
                                                            "operator": "=",
                                                            "value": {
                                                                "type": "StringLiteral",
                                                                "value": "WindowOpenSuccess"
                                                            }
                                                        }
                                                    },
                                                    {
                                                        "type": "AssignmentStatement",
                                                        "id": {
                                                            "type": "Identifier",
                                                            "value": "rate"
                                                        },
                                                        "value": {
                                                            "type": "AssignmentExpression",
                                                            "operator": "=",
                                                            "value": {
                                                                "type": "NumericLiteral",
                                                                "value": 0.15
                                                            }
                                                        }
                                                    },
                                                    {
                                                        "type": "AssignmentStatement",
                                                        "id": {
                                                            "type": "Identifier",
                                                            "value": "angle"
                                                        },
                                                        "value": {
                                                            "type": "AssignmentExpression",
                                                            "operator": "=",
                                                            "value": {
                                                                "type": "NumericArrayLiteral",
                                                                "values": [
                                                                    0,
                                                                    180,
                                                                    0
                                                                ]
                                                            }
                                                        }
                                                    }
                                                ]
                                            }
                                        },
                                        {
                                            "type": "AssignmentStatement",
                                            "id": {
                                                "type": "Identifier",
                                                "value": "ActorClose"
                                            },
                                            "value": {
                                                "type": "ObjectConstructorExpression",
                                                "body": [
                                                    {
                                                        "type": "AssignmentStatement",
                                                        "id": {
                                                            "type": "Identifier",
                                                            "value": "anim"
                                                        },
                                                        "value": {
                                                            "type": "AssignmentExpression",
                                                            "operator": "=",
                                                            "value": {
                                                                "type": "StringLiteral",
                                                                "value": "Attack_Shove"
                                                            }
                                                        }
                                                    },
                                                    {
                                                        "type": "AssignmentStatement",
                                                        "id": {
                                                            "type": "Identifier",
                                                            "value": "rate"
                                                        },
                                                        "value": {
                                                            "type": "AssignmentExpression",
                                                            "operator": "=",
                                                            "value": {
                                                                "type": "NumericLiteral",
                                                                "value": 0.3
                                                            }
                                                        }
                                                    },
                                                    {
                                                        "type": "AssignmentStatement",
                                                        "id": {
                                                            "type": "Identifier",
                                                            "value": "angle"
                                                        },
                                                        "value": {
                                                            "type": "AssignmentExpression",
                                                            "operator": "=",
                                                            "value": {
                                                                "type": "NumericArrayLiteral",
                                                                "values": [
                                                                    0,
                                                                    180,
                                                                    0
                                                                ]
                                                            }
                                                        }
                                                    }
                                                ]
                                            }
                                        },
                                        {
                                            "type": "AssignmentStatement",
                                            "id": {
                                                "type": "Identifier",
                                                "value": "itemType"
                                            },
                                            "value": {
                                                "type": "AssignmentExpression",
                                                "operator": "=",
                                                "value": {
                                                    "type": "StringLiteral",
                                                    "value": "Base.EngineDoor"
                                                }
                                            }
                                        },
                                        {
                                            "type": "AssignmentStatement",
                                            "id": {
                                                "type": "Identifier",
                                                "value": "mechanicRequireKey"
                                            },
                                            "value": {
                                                "type": "AssignmentExpression",
                                                "operator": "=",
                                                "value": {
                                                    "type": "BooleanLiteral",
                                                    "value": true
                                                }
                                            }
                                        },
                                        {
                                            "type": "AssignmentStatement",
                                            "id": {
                                                "type": "Identifier",
                                                "value": "repairMechanic"
                                            },
                                            "value": {
                                                "type": "AssignmentExpression",
                                                "operator": "=",
                                                "value": {
                                                    "type": "BooleanLiteral",
                                                    "value": true
                                                }
                                            }
                                        },
                                        {
                                            "type": "AssignmentStatement",
                                            "id": {
                                                "type": "Identifier",
                                                "value": "install"
                                            },
                                            "value": {
                                                "type": "ObjectConstructorExpression",
                                                "body": [
                                                    {
                                                        "type": "AssignmentStatement",
                                                        "id": {
                                                            "type": "Identifier",
                                                            "value": "items"
                                                        },
                                                        "value": {
                                                            "type": "ObjectConstructorExpression",
                                                            "body": [
                                                                {
                                                                    "type": "AssignmentStatement",
                                                                    "id": {
                                                                        "type": "Identifier",
                                                                        "value": "1"
                                                                    },
                                                                    "value": {
                                                                        "type": "ObjectConstructorExpression",
                                                                        "body": [
                                                                            {
                                                                                "type": "AssignmentStatement",
                                                                                "id": {
                                                                                    "type": "Identifier",
                                                                                    "value": "type"
                                                                                },
                                                                                "value": {
                                                                                    "type": "AssignmentExpression",
                                                                                    "operator": "=",
                                                                                    "value": {
                                                                                        "type": "StringLiteral",
                                                                                        "value": "Base.Wrench"
                                                                                    }
                                                                                }
                                                                            },
                                                                            {
                                                                                "type": "AssignmentStatement",
                                                                                "id": {
                                                                                    "type": "Identifier",
                                                                                    "value": "count"
                                                                                },
                                                                                "value": {
                                                                                    "type": "AssignmentExpression",
                                                                                    "operator": "=",
                                                                                    "value": {
                                                                                        "type": "NumericLiteral",
                                                                                        "value": 1
                                                                                    }
                                                                                }
                                                                            },
                                                                            {
                                                                                "type": "AssignmentStatement",
                                                                                "id": {
                                                                                    "type": "Identifier",
                                                                                    "value": "keep"
                                                                                },
                                                                                "value": {
                                                                                    "type": "AssignmentExpression",
                                                                                    "operator": "=",
                                                                                    "value": {
                                                                                        "type": "BooleanLiteral",
                                                                                        "value": true
                                                                                    }
                                                                                }
                                                                            },
                                                                            {
                                                                                "type": "AssignmentStatement",
                                                                                "id": {
                                                                                    "type": "Identifier",
                                                                                    "value": "equip"
                                                                                },
                                                                                "value": {
                                                                                    "type": "AssignmentExpression",
                                                                                    "operator": "=",
                                                                                    "value": {
                                                                                        "type": "StringLiteral",
                                                                                        "value": "primary"
                                                                                    }
                                                                                }
                                                                            }
                                                                        ]
                                                                    }
                                                                }
                                                            ]
                                                        }
                                                    },
                                                    {
                                                        "type": "AssignmentStatement",
                                                        "id": {
                                                            "type": "Identifier",
                                                            "value": "time"
                                                        },
                                                        "value": {
                                                            "type": "AssignmentExpression",
                                                            "operator": "=",
                                                            "value": {
                                                                "type": "NumericLiteral",
                                                                "value": 300
                                                            }
                                                        }
                                                    },
                                                    {
                                                        "type": "AssignmentStatement",
                                                        "id": {
                                                            "type": "Identifier",
                                                            "value": "skills"
                                                        },
                                                        "value": {
                                                            "type": "AssignmentExpression",
                                                            "operator": "=",
                                                            "value": {
                                                                "type": "StringLiteral",
                                                                "value": "Mechanics : 3"
                                                            }
                                                        }
                                                    },
                                                    {
                                                        "type": "AssignmentStatement",
                                                        "id": {
                                                            "type": "Identifier",
                                                            "value": "recipes"
                                                        },
                                                        "value": {
                                                            "type": "AssignmentExpression",
                                                            "operator": "=",
                                                            "value": {
                                                                "type": "StringLiteral",
                                                                "value": "Basic Mechanics"
                                                            }
                                                        }
                                                    },
                                                    {
                                                        "type": "AssignmentStatement",
                                                        "id": {
                                                            "type": "Identifier",
                                                            "value": "test"
                                                        },
                                                        "value": {
                                                            "type": "AssignmentExpression",
                                                            "operator": "=",
                                                            "value": {
                                                                "type": "StringLiteral",
                                                                "value": "Vehicles.InstallTest.Default"
                                                            }
                                                        }
                                                    },
                                                    {
                                                        "type": "AssignmentStatement",
                                                        "id": {
                                                            "type": "Identifier",
                                                            "value": "complete"
                                                        },
                                                        "value": {
                                                            "type": "AssignmentExpression",
                                                            "operator": "=",
                                                            "value": {
                                                                "type": "StringLiteral",
                                                                "value": "Vehicles.InstallComplete.Door"
                                                            }
                                                        }
                                                    }
                                                ]
                                            }
                                        },
                                        {
                                            "type": "AssignmentStatement",
                                            "id": {
                                                "type": "Identifier",
                                                "value": "uninstall"
                                            },
                                            "value": {
                                                "type": "ObjectConstructorExpression",
                                                "body": [
                                                    {
                                                        "type": "AssignmentStatement",
                                                        "id": {
                                                            "type": "Identifier",
                                                            "value": "items"
                                                        },
                                                        "value": {
                                                            "type": "ObjectConstructorExpression",
                                                            "body": [
                                                                {
                                                                    "type": "AssignmentStatement",
                                                                    "id": {
                                                                        "type": "Identifier",
                                                                        "value": "1"
                                                                    },
                                                                    "value": {
                                                                        "type": "ObjectConstructorExpression",
                                                                        "body": [
                                                                            {
                                                                                "type": "AssignmentStatement",
                                                                                "id": {
                                                                                    "type": "Identifier",
                                                                                    "value": "type"
                                                                                },
                                                                                "value": {
                                                                                    "type": "AssignmentExpression",
                                                                                    "operator": "=",
                                                                                    "value": {
                                                                                        "type": "StringLiteral",
                                                                                        "value": "Base.Wrench"
                                                                                    }
                                                                                }
                                                                            },
                                                                            {
                                                                                "type": "AssignmentStatement",
                                                                                "id": {
                                                                                    "type": "Identifier",
                                                                                    "value": "count"
                                                                                },
                                                                                "value": {
                                                                                    "type": "AssignmentExpression",
                                                                                    "operator": "=",
                                                                                    "value": {
                                                                                        "type": "NumericLiteral",
                                                                                        "value": 1
                                                                                    }
                                                                                }
                                                                            },
                                                                            {
                                                                                "type": "AssignmentStatement",
                                                                                "id": {
                                                                                    "type": "Identifier",
                                                                                    "value": "keep"
                                                                                },
                                                                                "value": {
                                                                                    "type": "AssignmentExpression",
                                                                                    "operator": "=",
                                                                                    "value": {
                                                                                        "type": "BooleanLiteral",
                                                                                        "value": true
                                                                                    }
                                                                                }
                                                                            },
                                                                            {
                                                                                "type": "AssignmentStatement",
                                                                                "id": {
                                                                                    "type": "Identifier",
                                                                                    "value": "equip"
                                                                                },
                                                                                "value": {
                                                                                    "type": "AssignmentExpression",
                                                                                    "operator": "=",
                                                                                    "value": {
                                                                                        "type": "StringLiteral",
                                                                                        "value": "primary"
                                                                                    }
                                                                                }
                                                                            }
                                                                        ]
                                                                    }
                                                                }
                                                            ]
                                                        }
                                                    },
                                                    {
                                                        "type": "AssignmentStatement",
                                                        "id": {
                                                            "type": "Identifier",
                                                            "value": "time"
                                                        },
                                                        "value": {
                                                            "type": "AssignmentExpression",
                                                            "operator": "=",
                                                            "value": {
                                                                "type": "NumericLiteral",
                                                                "value": 300
                                                            }
                                                        }
                                                    },
                                                    {
                                                        "type": "AssignmentStatement",
                                                        "id": {
                                                            "type": "Identifier",
                                                            "value": "skills"
                                                        },
                                                        "value": {
                                                            "type": "AssignmentExpression",
                                                            "operator": "=",
                                                            "value": {
                                                                "type": "StringLiteral",
                                                                "value": "Mechanics : 3"
                                                            }
                                                        }
                                                    },
                                                    {
                                                        "type": "AssignmentStatement",
                                                        "id": {
                                                            "type": "Identifier",
                                                            "value": "recipes"
                                                        },
                                                        "value": {
                                                            "type": "AssignmentExpression",
                                                            "operator": "=",
                                                            "value": {
                                                                "type": "StringLiteral",
                                                                "value": "Basic Mechanics"
                                                            }
                                                        }
                                                    },
                                                    {
                                                        "type": "AssignmentStatement",
                                                        "id": {
                                                            "type": "Identifier",
                                                            "value": "test"
                                                        },
                                                        "value": {
                                                            "type": "AssignmentExpression",
                                                            "operator": "=",
                                                            "value": {
                                                                "type": "StringLiteral",
                                                                "value": "Vehicles.UninstallTest.Default"
                                                            }
                                                        }
                                                    },
                                                    {
                                                        "type": "AssignmentStatement",
                                                        "id": {
                                                            "type": "Identifier",
                                                            "value": "complete"
                                                        },
                                                        "value": {
                                                            "type": "AssignmentExpression",
                                                            "operator": "=",
                                                            "value": {
                                                                "type": "StringLiteral",
                                                                "value": "Vehicles.UninstallComplete.Door"
                                                            }
                                                        }
                                                    }
                                                ]
                                            }
                                        },
                                        {
                                            "type": "AssignmentStatement",
                                            "id": {
                                                "type": "Identifier",
                                                "value": "lua"
                                            },
                                            "value": {
                                                "type": "ObjectConstructorExpression",
                                                "body": [
                                                    {
                                                        "type": "AssignmentStatement",
                                                        "id": {
                                                            "type": "Identifier",
                                                            "value": "create"
                                                        },
                                                        "value": {
                                                            "type": "AssignmentExpression",
                                                            "operator": "=",
                                                            "value": {
                                                                "type": "StringLiteral",
                                                                "value": "Vehicles.Create.Default"
                                                            }
                                                        }
                                                    },
                                                    {
                                                        "type": "AssignmentStatement",
                                                        "id": {
                                                            "type": "Identifier",
                                                            "value": "init"
                                                        },
                                                        "value": {
                                                            "type": "AssignmentExpression",
                                                            "operator": "=",
                                                            "value": {
                                                                "type": "StringLiteral",
                                                                "value": "Vehicles.Init.Door"
                                                            }
                                                        }
                                                    },
                                                    {
                                                        "type": "AssignmentStatement",
                                                        "id": {
                                                            "type": "Identifier",
                                                            "value": "update"
                                                        },
                                                        "value": {
                                                            "type": "AssignmentExpression",
                                                            "operator": "=",
                                                            "value": {
                                                                "type": "StringLiteral",
                                                                "value": "Vehicles.Update.EngineDoor"
                                                            }
                                                        }
                                                    },
                                                    {
                                                        "type": "AssignmentStatement",
                                                        "id": {
                                                            "type": "Identifier",
                                                            "value": "use"
                                                        },
                                                        "value": {
                                                            "type": "AssignmentExpression",
                                                            "operator": "=",
                                                            "value": {
                                                                "type": "StringLiteral",
                                                                "value": "Vehicles.Use.EngineDoor"
                                                            }
                                                        }
                                                    }
                                                ]
                                            }
                                        }
                                    ]
                                }
                            }
                        ]
                    }
                }
            ]
        }
    }
]