[
    {
        "type": "AssignmentStatement",
        "id": {
            "type": "Identifier",
            "value": "Base"
        },
        "value": {
            "type": "ModuleConstructorExpression",
            "body": [
                {
                    "type": "ObjectStatement",
                    "category": {
                        "type": "Identifier",
                        "value": "template"
                    },
                    "id": {
                        "type": "Identifier",
                        "value": "vehicle GloveBox"
                    },
                    "value": {
                        "type": "ObjectConstructorExpression",
                        "body": [
                            {
                                "type": "AssignmentStatement",
                                "id": {
                                    "type": "Identifier",
                                    "value": "GloveBox"
                                },
                                "value": {
                                    "type": "ObjectConstructorExpression",
                                    "body": [
                                        {
                                            "type": "AssignmentStatement",
                                            "id": {
                                                "type": "Identifier",
                                                "value": "area"
                                            },
                                            "value": {
                                                "type": "AssignmentExpression",
                                                "operator": "=",
                                                "value": {
                                                    "type": "StringLiteral",
                                                    "value": "SeatFrontRight"
                                                }
                                            }
                                        },
                                        {
                                            "type": "AssignmentStatement",
                                            "id": {
                                                "type": "Identifier",
                                                "value": "itemType"
                                            },
                                            "value": {
                                                "type": "AssignmentExpression",
                                                "operator": "=",
                                                "value": {
                                                    "type": "StringLiteral",
                                                    "value": "Base.GloveBox"
                                                }
                                            }
                                        },
                                        {
                                            "type": "AssignmentStatement",
                                            "id": {
                                                "type": "Identifier",
                                                "value": "mechanicRequireKey"
                                            },
                                            "value": {
                                                "type": "AssignmentExpression",
                                                "operator": "=",
                                                "value": {
                                                    "type": "BooleanLiteral",
                                                    "value": true
                                                }
                                            }
                                        },
                                        {
                                            "type": "AssignmentStatement",
                                            "id": {
                                                "type": "Identifier",
                                                "value": "container"
                                            },
                                            "value": {
                                                "type": "ObjectConstructorExpression",
                                                "body": [
                                                    {
                                                        "type": "AssignmentStatement",
                                                        "id": {
                                                            "type": "Identifier",
                                                            "value": "test"
                                                        },
                                                        "value": {
                                                            "type": "AssignmentExpression",
                                                            "operator": "=",
                                                            "value": {
                                                                "type": "StringLiteral",
                                                                "value": "Vehicles.ContainerAccess.GloveBox"
                                                            }
                                                        }
                                                    }
                                                ]
                                            }
                                        },
                                        {
                                            "type": "AssignmentStatement",
                                            "id": {
                                                "type": "Identifier",
                                                "value": "lua"
                                            },
                                            "value": {
                                                "type": "ObjectConstructorExpression",
                                                "body": [
                                                    {
                                                        "type": "AssignmentStatement",
                                                        "id": {
                                                            "type": "Identifier",
                                                            "value": "create"
                                                        },
                                                        "value": {
                                                            "type": "AssignmentExpression",
                                                            "operator": "=",
                                                            "value": {
                                                                "type": "StringLiteral",
                                                                "value": "Vehicles.Create.Default"
                                                            }
                                                        }
                                                    }
                                                ]
                                            }
                                        }
                                    ]
                                }
                            }
                        ]
                    }
                }
            ]
        }
    }
]