[
    {
        "type": "AssignmentStatement",
        "id": {
            "type": "Identifier",
            "value": "Base"
        },
        "value": {
            "type": "ModuleConstructorExpression",
            "body": [
                {
                    "type": "ObjectStatement",
                    "category": {
                        "type": "Identifier",
                        "value": "model"
                    },
                    "id": {
                        "type": "Identifier",
                        "value": "Vehicles_CarLightsSmashedRear"
                    },
                    "value": {
                        "type": "ObjectConstructorExpression",
                        "body": [
                            {
                                "type": "AssignmentStatement",
                                "id": {
                                    "type": "Identifier",
                                    "value": "mesh"
                                },
                                "value": {
                                    "type": "AssignmentExpression",
                                    "operator": "=",
                                    "value": {
                                        "type": "StringLiteral",
                                        "value": "vehicles/Vehicles_CarNormalLightsSMASH_Rear"
                                    }
                                }
                            },
                            {
                                "type": "AssignmentStatement",
                                "id": {
                                    "type": "Identifier",
                                    "value": "shader"
                                },
                                "value": {
                                    "type": "AssignmentExpression",
                                    "operator": "=",
                                    "value": {
                                        "type": "StringLiteral",
                                        "value": "vehicle_norandom_multiuv"
                                    }
                                }
                            },
                            {
                                "type": "AssignmentStatement",
                                "id": {
                                    "type": "Identifier",
                                    "value": "invertX"
                                },
                                "value": {
                                    "type": "AssignmentExpression",
                                    "operator": "=",
                                    "value": {
                                        "type": "StringLiteral",
                                        "value": "FALSE"
                                    }
                                }
                            },
                            {
                                "type": "AssignmentStatement",
                                "id": {
                                    "type": "Identifier",
                                    "value": "scale"
                                },
                                "value": {
                                    "type": "AssignmentExpression",
                                    "operator": "=",
                                    "value": {
                                        "type": "NumericLiteral",
                                        "value": 0.0087
                                    }
                                }
                            }
                        ]
                    }
                },
                {
                    "type": "ObjectStatement",
                    "category": {
                        "type": "Identifier",
                        "value": "vehicle"
                    },
                    "id": {
                        "type": "Identifier",
                        "value": "CarLightsSmashedRear"
                    },
                    "value": {
                        "type": "ObjectConstructorExpression",
                        "body": [
                            {
                                "type": "AssignmentStatement",
                                "id": {
                                    "type": "Identifier",
                                    "value": "template!"
                                },
                                "value": {
                                    "type": "AssignmentExpression",
                                    "operator": "=",
                                    "value": {
                                        "type": "StringLiteral",
                                        "value": "CarLights"
                                    }
                                }
                            },
                            {
                                "type": "AssignmentStatement",
                                "id": {
                                    "type": "Identifier",
                                    "value": "model"
                                },
                                "value": {
                                    "type": "ObjectConstructorExpression",
                                    "body": [
                                        {
                                            "type": "AssignmentStatement",
                                            "id": {
                                                "type": "Identifier",
                                                "value": "file"
                                            },
                                            "value": {
                                                "type": "AssignmentExpression",
                                                "operator": "=",
                                                "value": {
                                                    "type": "StringLiteral",
                                                    "value": "Vehicles_CarLightsSmashedRear"
                                                }
                                            }
                                        },
                                        {
                                            "type": "AssignmentStatement",
                                            "id": {
                                                "type": "Identifier",
                                                "value": "scale"
                                            },
                                            "value": {
                                                "type": "AssignmentExpression",
                                                "operator": "=",
                                                "value": {
                                                    "type": "NumericLiteral",
                                                    "value": 1.82
                                                }
                                            }
                                        },
                                        {
                                            "type": "AssignmentStatement",
                                            "id": {
                                                "type": "Identifier",
                                                "value": "offset"
                                            },
                                            "value": {
                                                "type": "AssignmentExpression",
                                                "operator": "=",
                                                "value": {
                                                    "type": "NumericArrayLiteral",
                                                    "values": [
                                                        0,
                                                        0.2692,
                                                        0
                                                    ]
                                                }
                                            }
                                        }
                                    ]
                                }
                            },
                            {
                                "type": "AssignmentStatement",
                                "id": {
                                    "type": "Identifier",
                                    "value": "skin"
                                },
                                "value": {
                                    "type": "ObjectConstructorExpression",
                                    "body": [
                                        {
                                            "type": "AssignmentStatement",
                                            "id": {
                                                "type": "Identifier",
                                                "value": "texture"
                                            },
                                            "value": {
                                                "type": "AssignmentExpression",
                                                "operator": "=",
                                                "value": {
                                                    "type": "StringLiteral",
                                                    "value": "Vehicles/vehicle_carrangershell"
                                                }
                                            }
                                        }
                                    ]
                                }
                            },
                            {
                                "type": "AssignmentStatement",
                                "id": {
                                    "type": "Identifier",
                                    "value": "skin"
                                },
                                "value": {
                                    "type": "ObjectConstructorExpression",
                                    "body": [
                                        {
                                            "type": "AssignmentStatement",
                                            "id": {
                                                "type": "Identifier",
                                                "value": "texture"
                                            },
                                            "value": {
                                                "type": "AssignmentExpression",
                                                "operator": "=",
                                                "value": {
                                                    "type": "StringLiteral",
                                                    "value": "Vehicles/vehicle_carlights_police"
                                                }
                                            }
                                        }
                                    ]
                                }
                            }
                        ]
                    }
                },
                {
                    "type": "ObjectStatement",
                    "category": {
                        "type": "Identifier",
                        "value": "model"
                    },
                    "id": {
                        "type": "Identifier",
                        "value": "Vehicles_CarLightsSmashedFront"
                    },
                    "value": {
                        "type": "ObjectConstructorExpression",
                        "body": [
                            {
                                "type": "AssignmentStatement",
                                "id": {
                                    "type": "Identifier",
                                    "value": "mesh"
                                },
                                "value": {
                                    "type": "AssignmentExpression",
                                    "operator": "=",
                                    "value": {
                                        "type": "StringLiteral",
                                        "value": "vehicles/Vehicles_CarNormalLightsSMASH_Front"
                                    }
                                }
                            },
                            {
                                "type": "AssignmentStatement",
                                "id": {
                                    "type": "Identifier",
                                    "value": "shader"
                                },
                                "value": {
                                    "type": "AssignmentExpression",
                                    "operator": "=",
                                    "value": {
                                        "type": "StringLiteral",
                                        "value": "vehicle_norandom_multiuv"
                                    }
                                }
                            },
                            {
                                "type": "AssignmentStatement",
                                "id": {
                                    "type": "Identifier",
                                    "value": "invertX"
                                },
                                "value": {
                                    "type": "AssignmentExpression",
                                    "operator": "=",
                                    "value": {
                                        "type": "StringLiteral",
                                        "value": "FALSE"
                                    }
                                }
                            },
                            {
                                "type": "AssignmentStatement",
                                "id": {
                                    "type": "Identifier",
                                    "value": "scale"
                                },
                                "value": {
                                    "type": "AssignmentExpression",
                                    "operator": "=",
                                    "value": {
                                        "type": "NumericLiteral",
                                        "value": 0.0087
                                    }
                                }
                            }
                        ]
                    }
                },
                {
                    "type": "ObjectStatement",
                    "category": {
                        "type": "Identifier",
                        "value": "vehicle"
                    },
                    "id": {
                        "type": "Identifier",
                        "value": "CarLightsSmashedFront"
                    },
                    "value": {
                        "type": "ObjectConstructorExpression",
                        "body": [
                            {
                                "type": "AssignmentStatement",
                                "id": {
                                    "type": "Identifier",
                                    "value": "template!"
                                },
                                "value": {
                                    "type": "AssignmentExpression",
                                    "operator": "=",
                                    "value": {
                                        "type": "StringLiteral",
                                        "value": "CarLights"
                                    }
                                }
                            },
                            {
                                "type": "AssignmentStatement",
                                "id": {
                                    "type": "Identifier",
                                    "value": "model"
                                },
                                "value": {
                                    "type": "ObjectConstructorExpression",
                                    "body": [
                                        {
                                            "type": "AssignmentStatement",
                                            "id": {
                                                "type": "Identifier",
                                                "value": "file"
                                            },
                                            "value": {
                                                "type": "AssignmentExpression",
                                                "operator": "=",
                                                "value": {
                                                    "type": "StringLiteral",
                                                    "value": "Vehicles_CarLightsSmashedFront"
                                                }
                                            }
                                        },
                                        {
                                            "type": "AssignmentStatement",
                                            "id": {
                                                "type": "Identifier",
                                                "value": "scale"
                                            },
                                            "value": {
                                                "type": "AssignmentExpression",
                                                "operator": "=",
                                                "value": {
                                                    "type": "NumericLiteral",
                                                    "value": 1.82
                                                }
                                            }
                                        },
                                        {
                                            "type": "AssignmentStatement",
                                            "id": {
                                                "type": "Identifier",
                                                "value": "offset"
                                            },
                                            "value": {
                                                "type": "AssignmentExpression",
                                                "operator": "=",
                                                "value": {
                                                    "type": "NumericArrayLiteral",
                                                    "values": [
                                                        0,
                                                        0.2692,
                                                        0
                                                    ]
                                                }
                                            }
                                        }
                                    ]
                                }
                            },
                            {
                                "type": "AssignmentStatement",
                                "id": {
                                    "type": "Identifier",
                                    "value": "skin"
                                },
                                "value": {
                                    "type": "ObjectConstructorExpression",
                                    "body": [
                                        {
                                            "type": "AssignmentStatement",
                                            "id": {
                                                "type": "Identifier",
                                                "value": "texture"
                                            },
                                            "value": {
                                                "type": "AssignmentExpression",
                                                "operator": "=",
                                                "value": {
                                                    "type": "StringLiteral",
                                                    "value": "Vehicles/vehicle_carrangershell"
                                                }
                                            }
                                        }
                                    ]
                                }
                            },
                            {
                                "type": "AssignmentStatement",
                                "id": {
                                    "type": "Identifier",
                                    "value": "skin"
                                },
                                "value": {
                                    "type": "ObjectConstructorExpression",
                                    "body": [
                                        {
                                            "type": "AssignmentStatement",
                                            "id": {
                                                "type": "Identifier",
                                                "value": "texture"
                                            },
                                            "value": {
                                                "type": "AssignmentExpression",
                                                "operator": "=",
                                                "value": {
                                                    "type": "StringLiteral",
                                                    "value": "Vehicles/vehicle_carlights_police"
                                                }
                                            }
                                        }
                                    ]
                                }
                            }
                        ]
                    }
                },
                {
                    "type": "ObjectStatement",
                    "category": {
                        "type": "Identifier",
                        "value": "model"
                    },
                    "id": {
                        "type": "Identifier",
                        "value": "Vehicles_CarLightsSmashedRight"
                    },
                    "value": {
                        "type": "ObjectConstructorExpression",
                        "body": [
                            {
                                "type": "AssignmentStatement",
                                "id": {
                                    "type": "Identifier",
                                    "value": "mesh"
                                },
                                "value": {
                                    "type": "AssignmentExpression",
                                    "operator": "=",
                                    "value": {
                                        "type": "StringLiteral",
                                        "value": "vehicles/Vehicles_CarNormalLightsSMASH_Right"
                                    }
                                }
                            },
                            {
                                "type": "AssignmentStatement",
                                "id": {
                                    "type": "Identifier",
                                    "value": "shader"
                                },
                                "value": {
                                    "type": "AssignmentExpression",
                                    "operator": "=",
                                    "value": {
                                        "type": "StringLiteral",
                                        "value": "vehicle_norandom_multiuv"
                                    }
                                }
                            },
                            {
                                "type": "AssignmentStatement",
                                "id": {
                                    "type": "Identifier",
                                    "value": "invertX"
                                },
                                "value": {
                                    "type": "AssignmentExpression",
                                    "operator": "=",
                                    "value": {
                                        "type": "StringLiteral",
                                        "value": "FALSE"
                                    }
                                }
                            },
                            {
                                "type": "AssignmentStatement",
                                "id": {
                                    "type": "Identifier",
                                    "value": "scale"
                                },
                                "value": {
                                    "type": "AssignmentExpression",
                                    "operator": "=",
                                    "value": {
                                        "type": "NumericLiteral",
                                        "value": 0.0087
                                    }
                                }
                            }
                        ]
                    }
                },
                {
                    "type": "ObjectStatement",
                    "category": {
                        "type": "Identifier",
                        "value": "vehicle"
                    },
                    "id": {
                        "type": "Identifier",
                        "value": "CarLightsSmashedRight"
                    },
                    "value": {
                        "type": "ObjectConstructorExpression",
                        "body": [
                            {
                                "type": "AssignmentStatement",
                                "id": {
                                    "type": "Identifier",
                                    "value": "template!"
                                },
                                "value": {
                                    "type": "AssignmentExpression",
                                    "operator": "=",
                                    "value": {
                                        "type": "StringLiteral",
                                        "value": "CarLights"
                                    }
                                }
                            },
                            {
                                "type": "AssignmentStatement",
                                "id": {
                                    "type": "Identifier",
                                    "value": "model"
                                },
                                "value": {
                                    "type": "ObjectConstructorExpression",
                                    "body": [
                                        {
                                            "type": "AssignmentStatement",
                                            "id": {
                                                "type": "Identifier",
                                                "value": "file"
                                            },
                                            "value": {
                                                "type": "AssignmentExpression",
                                                "operator": "=",
                                                "value": {
                                                    "type": "StringLiteral",
                                                    "value": "Vehicles_CarLightsSmashedRight"
                                                }
                                            }
                                        },
                                        {
                                            "type": "AssignmentStatement",
                                            "id": {
                                                "type": "Identifier",
                                                "value": "scale"
                                            },
                                            "value": {
                                                "type": "AssignmentExpression",
                                                "operator": "=",
                                                "value": {
                                                    "type": "NumericLiteral",
                                                    "value": 1.82
                                                }
                                            }
                                        },
                                        {
                                            "type": "AssignmentStatement",
                                            "id": {
                                                "type": "Identifier",
                                                "value": "offset"
                                            },
                                            "value": {
                                                "type": "AssignmentExpression",
                                                "operator": "=",
                                                "value": {
                                                    "type": "NumericArrayLiteral",
                                                    "values": [
                                                        0,
                                                        0.2692,
                                                        0
                                                    ]
                                                }
                                            }
                                        }
                                    ]
                                }
                            },
                            {
                                "type": "AssignmentStatement",
                                "id": {
                                    "type": "Identifier",
                                    "value": "skin"
                                },
                                "value": {
                                    "type": "ObjectConstructorExpression",
                                    "body": [
                                        {
                                            "type": "AssignmentStatement",
                                            "id": {
                                                "type": "Identifier",
                                                "value": "texture"
                                            },
                                            "value": {
                                                "type": "AssignmentExpression",
                                                "operator": "=",
                                                "value": {
                                                    "type": "StringLiteral",
                                                    "value": "Vehicles/vehicle_carrangershell"
                                                }
                                            }
                                        }
                                    ]
                                }
                            },
                            {
                                "type": "AssignmentStatement",
                                "id": {
                                    "type": "Identifier",
                                    "value": "skin"
                                },
                                "value": {
                                    "type": "ObjectConstructorExpression",
                                    "body": [
                                        {
                                            "type": "AssignmentStatement",
                                            "id": {
                                                "type": "Identifier",
                                                "value": "texture"
                                            },
                                            "value": {
                                                "type": "AssignmentExpression",
                                                "operator": "=",
                                                "value": {
                                                    "type": "StringLiteral",
                                                    "value": "Vehicles/vehicle_carlights_police"
                                                }
                                            }
                                        }
                                    ]
                                }
                            }
                        ]
                    }
                },
                {
                    "type": "ObjectStatement",
                    "category": {
                        "type": "Identifier",
                        "value": "model"
                    },
                    "id": {
                        "type": "Identifier",
                        "value": "Vehicles_CarLightsSmashedLeft"
                    },
                    "value": {
                        "type": "ObjectConstructorExpression",
                        "body": [
                            {
                                "type": "AssignmentStatement",
                                "id": {
                                    "type": "Identifier",
                                    "value": "mesh"
                                },
                                "value": {
                                    "type": "AssignmentExpression",
                                    "operator": "=",
                                    "value": {
                                        "type": "StringLiteral",
                                        "value": "vehicles/Vehicles_CarNormalLightsSMASH_Left"
                                    }
                                }
                            },
                            {
                                "type": "AssignmentStatement",
                                "id": {
                                    "type": "Identifier",
                                    "value": "shader"
                                },
                                "value": {
                                    "type": "AssignmentExpression",
                                    "operator": "=",
                                    "value": {
                                        "type": "StringLiteral",
                                        "value": "vehicle_norandom_multiuv"
                                    }
                                }
                            },
                            {
                                "type": "AssignmentStatement",
                                "id": {
                                    "type": "Identifier",
                                    "value": "invertX"
                                },
                                "value": {
                                    "type": "AssignmentExpression",
                                    "operator": "=",
                                    "value": {
                                        "type": "StringLiteral",
                                        "value": "FALSE"
                                    }
                                }
                            },
                            {
                                "type": "AssignmentStatement",
                                "id": {
                                    "type": "Identifier",
                                    "value": "scale"
                                },
                                "value": {
                                    "type": "AssignmentExpression",
                                    "operator": "=",
                                    "value": {
                                        "type": "NumericLiteral",
                                        "value": 0.0087
                                    }
                                }
                            }
                        ]
                    }
                },
                {
                    "type": "ObjectStatement",
                    "category": {
                        "type": "Identifier",
                        "value": "vehicle"
                    },
                    "id": {
                        "type": "Identifier",
                        "value": "CarLightsSmashedLeft"
                    },
                    "value": {
                        "type": "ObjectConstructorExpression",
                        "body": [
                            {
                                "type": "AssignmentStatement",
                                "id": {
                                    "type": "Identifier",
                                    "value": "template!"
                                },
                                "value": {
                                    "type": "AssignmentExpression",
                                    "operator": "=",
                                    "value": {
                                        "type": "StringLiteral",
                                        "value": "CarLights"
                                    }
                                }
                            },
                            {
                                "type": "AssignmentStatement",
                                "id": {
                                    "type": "Identifier",
                                    "value": "model"
                                },
                                "value": {
                                    "type": "ObjectConstructorExpression",
                                    "body": [
                                        {
                                            "type": "AssignmentStatement",
                                            "id": {
                                                "type": "Identifier",
                                                "value": "file"
                                            },
                                            "value": {
                                                "type": "AssignmentExpression",
                                                "operator": "=",
                                                "value": {
                                                    "type": "StringLiteral",
                                                    "value": "Vehicles_CarLightsSmashedLeft"
                                                }
                                            }
                                        },
                                        {
                                            "type": "AssignmentStatement",
                                            "id": {
                                                "type": "Identifier",
                                                "value": "scale"
                                            },
                                            "value": {
                                                "type": "AssignmentExpression",
                                                "operator": "=",
                                                "value": {
                                                    "type": "NumericLiteral",
                                                    "value": 1.82
                                                }
                                            }
                                        },
                                        {
                                            "type": "AssignmentStatement",
                                            "id": {
                                                "type": "Identifier",
                                                "value": "offset"
                                            },
                                            "value": {
                                                "type": "AssignmentExpression",
                                                "operator": "=",
                                                "value": {
                                                    "type": "NumericArrayLiteral",
                                                    "values": [
                                                        0,
                                                        0.2692,
                                                        0
                                                    ]
                                                }
                                            }
                                        }
                                    ]
                                }
                            },
                            {
                                "type": "AssignmentStatement",
                                "id": {
                                    "type": "Identifier",
                                    "value": "skin"
                                },
                                "value": {
                                    "type": "ObjectConstructorExpression",
                                    "body": [
                                        {
                                            "type": "AssignmentStatement",
                                            "id": {
                                                "type": "Identifier",
                                                "value": "texture"
                                            },
                                            "value": {
                                                "type": "AssignmentExpression",
                                                "operator": "=",
                                                "value": {
                                                    "type": "StringLiteral",
                                                    "value": "Vehicles/vehicle_carrangershell"
                                                }
                                            }
                                        }
                                    ]
                                }
                            },
                            {
                                "type": "AssignmentStatement",
                                "id": {
                                    "type": "Identifier",
                                    "value": "skin"
                                },
                                "value": {
                                    "type": "ObjectConstructorExpression",
                                    "body": [
                                        {
                                            "type": "AssignmentStatement",
                                            "id": {
                                                "type": "Identifier",
                                                "value": "texture"
                                            },
                                            "value": {
                                                "type": "AssignmentExpression",
                                                "operator": "=",
                                                "value": {
                                                    "type": "StringLiteral",
                                                    "value": "Vehicles/vehicle_carlights_police"
                                                }
                                            }
                                        }
                                    ]
                                }
                            }
                        ]
                    }
                }
            ]
        }
    }
]