[
    {
        "type": "AssignmentStatement",
        "id": {
            "type": "Identifier",
            "value": "Base"
        },
        "value": {
            "type": "ModuleConstructorExpression",
            "body": [
                {
                    "type": "ObjectStatement",
                    "category": {
                        "type": "Identifier",
                        "value": "model"
                    },
                    "id": {
                        "type": "Identifier",
                        "value": "Vehicles_StepVanSmashedRear"
                    },
                    "value": {
                        "type": "ObjectConstructorExpression",
                        "body": [
                            {
                                "type": "AssignmentStatement",
                                "id": {
                                    "type": "Identifier",
                                    "value": "mesh"
                                },
                                "value": {
                                    "type": "AssignmentExpression",
                                    "operator": "=",
                                    "value": {
                                        "type": "StringLiteral",
                                        "value": "vehicles/Vehicle_StepVanCRASH_Rear"
                                    }
                                }
                            },
                            {
                                "type": "AssignmentStatement",
                                "id": {
                                    "type": "Identifier",
                                    "value": "shader"
                                },
                                "value": {
                                    "type": "AssignmentExpression",
                                    "operator": "=",
                                    "value": {
                                        "type": "StringLiteral",
                                        "value": "vehicle_multiuv"
                                    }
                                }
                            },
                            {
                                "type": "AssignmentStatement",
                                "id": {
                                    "type": "Identifier",
                                    "value": "invertX"
                                },
                                "value": {
                                    "type": "AssignmentExpression",
                                    "operator": "=",
                                    "value": {
                                        "type": "StringLiteral",
                                        "value": "FALSE"
                                    }
                                }
                            },
                            {
                                "type": "AssignmentStatement",
                                "id": {
                                    "type": "Identifier",
                                    "value": "scale"
                                },
                                "value": {
                                    "type": "AssignmentExpression",
                                    "operator": "=",
                                    "value": {
                                        "type": "NumericLiteral",
                                        "value": 0.0087
                                    }
                                }
                            }
                        ]
                    }
                },
                {
                    "type": "ObjectStatement",
                    "category": {
                        "type": "Identifier",
                        "value": "vehicle"
                    },
                    "id": {
                        "type": "Identifier",
                        "value": "StepVanSmashedRear"
                    },
                    "value": {
                        "type": "ObjectConstructorExpression",
                        "body": [
                            {
                                "type": "AssignmentStatement",
                                "id": {
                                    "type": "Identifier",
                                    "value": "template!"
                                },
                                "value": {
                                    "type": "AssignmentExpression",
                                    "operator": "=",
                                    "value": {
                                        "type": "StringLiteral",
                                        "value": "StepVan"
                                    }
                                }
                            },
                            {
                                "type": "AssignmentStatement",
                                "id": {
                                    "type": "Identifier",
                                    "value": "model"
                                },
                                "value": {
                                    "type": "ObjectConstructorExpression",
                                    "body": [
                                        {
                                            "type": "AssignmentStatement",
                                            "id": {
                                                "type": "Identifier",
                                                "value": "file"
                                            },
                                            "value": {
                                                "type": "AssignmentExpression",
                                                "operator": "=",
                                                "value": {
                                                    "type": "StringLiteral",
                                                    "value": "Vehicles_StepVanSmashedRear"
                                                }
                                            }
                                        },
                                        {
                                            "type": "AssignmentStatement",
                                            "id": {
                                                "type": "Identifier",
                                                "value": "scale"
                                            },
                                            "value": {
                                                "type": "AssignmentExpression",
                                                "operator": "=",
                                                "value": {
                                                    "type": "NumericLiteral",
                                                    "value": 1.82
                                                }
                                            }
                                        },
                                        {
                                            "type": "AssignmentStatement",
                                            "id": {
                                                "type": "Identifier",
                                                "value": "offset"
                                            },
                                            "value": {
                                                "type": "AssignmentExpression",
                                                "operator": "=",
                                                "value": {
                                                    "type": "NumericArrayLiteral",
                                                    "values": [
                                                        0,
                                                        0.4725,
                                                        0
                                                    ]
                                                }
                                            }
                                        }
                                    ]
                                }
                            },
                            {
                                "type": "AssignmentStatement",
                                "id": {
                                    "type": "Identifier",
                                    "value": "skin"
                                },
                                "value": {
                                    "type": "ObjectConstructorExpression",
                                    "body": [
                                        {
                                            "type": "AssignmentStatement",
                                            "id": {
                                                "type": "Identifier",
                                                "value": "texture"
                                            },
                                            "value": {
                                                "type": "AssignmentExpression",
                                                "operator": "=",
                                                "value": {
                                                    "type": "StringLiteral",
                                                    "value": "Vehicles/vehicle_stepvanshell"
                                                }
                                            }
                                        }
                                    ]
                                }
                            }
                        ]
                    }
                },
                {
                    "type": "ObjectStatement",
                    "category": {
                        "type": "Identifier",
                        "value": "model"
                    },
                    "id": {
                        "type": "Identifier",
                        "value": "Vehicles_StepVanSmashedRight"
                    },
                    "value": {
                        "type": "ObjectConstructorExpression",
                        "body": [
                            {
                                "type": "AssignmentStatement",
                                "id": {
                                    "type": "Identifier",
                                    "value": "mesh"
                                },
                                "value": {
                                    "type": "AssignmentExpression",
                                    "operator": "=",
                                    "value": {
                                        "type": "StringLiteral",
                                        "value": "vehicles/Vehicle_StepVanCRASH_Right"
                                    }
                                }
                            },
                            {
                                "type": "AssignmentStatement",
                                "id": {
                                    "type": "Identifier",
                                    "value": "shader"
                                },
                                "value": {
                                    "type": "AssignmentExpression",
                                    "operator": "=",
                                    "value": {
                                        "type": "StringLiteral",
                                        "value": "vehicle_multiuv"
                                    }
                                }
                            },
                            {
                                "type": "AssignmentStatement",
                                "id": {
                                    "type": "Identifier",
                                    "value": "invertX"
                                },
                                "value": {
                                    "type": "AssignmentExpression",
                                    "operator": "=",
                                    "value": {
                                        "type": "StringLiteral",
                                        "value": "FALSE"
                                    }
                                }
                            },
                            {
                                "type": "AssignmentStatement",
                                "id": {
                                    "type": "Identifier",
                                    "value": "scale"
                                },
                                "value": {
                                    "type": "AssignmentExpression",
                                    "operator": "=",
                                    "value": {
                                        "type": "NumericLiteral",
                                        "value": 0.0087
                                    }
                                }
                            }
                        ]
                    }
                },
                {
                    "type": "ObjectStatement",
                    "category": {
                        "type": "Identifier",
                        "value": "vehicle"
                    },
                    "id": {
                        "type": "Identifier",
                        "value": "StepVanSmashedRight"
                    },
                    "value": {
                        "type": "ObjectConstructorExpression",
                        "body": [
                            {
                                "type": "AssignmentStatement",
                                "id": {
                                    "type": "Identifier",
                                    "value": "template!"
                                },
                                "value": {
                                    "type": "AssignmentExpression",
                                    "operator": "=",
                                    "value": {
                                        "type": "StringLiteral",
                                        "value": "StepVan"
                                    }
                                }
                            },
                            {
                                "type": "AssignmentStatement",
                                "id": {
                                    "type": "Identifier",
                                    "value": "model"
                                },
                                "value": {
                                    "type": "ObjectConstructorExpression",
                                    "body": [
                                        {
                                            "type": "AssignmentStatement",
                                            "id": {
                                                "type": "Identifier",
                                                "value": "file"
                                            },
                                            "value": {
                                                "type": "AssignmentExpression",
                                                "operator": "=",
                                                "value": {
                                                    "type": "StringLiteral",
                                                    "value": "Vehicles_StepVanSmashedRight"
                                                }
                                            }
                                        },
                                        {
                                            "type": "AssignmentStatement",
                                            "id": {
                                                "type": "Identifier",
                                                "value": "scale"
                                            },
                                            "value": {
                                                "type": "AssignmentExpression",
                                                "operator": "=",
                                                "value": {
                                                    "type": "NumericLiteral",
                                                    "value": 1.82
                                                }
                                            }
                                        },
                                        {
                                            "type": "AssignmentStatement",
                                            "id": {
                                                "type": "Identifier",
                                                "value": "offset"
                                            },
                                            "value": {
                                                "type": "AssignmentExpression",
                                                "operator": "=",
                                                "value": {
                                                    "type": "NumericArrayLiteral",
                                                    "values": [
                                                        0,
                                                        0.4725,
                                                        0
                                                    ]
                                                }
                                            }
                                        }
                                    ]
                                }
                            },
                            {
                                "type": "AssignmentStatement",
                                "id": {
                                    "type": "Identifier",
                                    "value": "skin"
                                },
                                "value": {
                                    "type": "ObjectConstructorExpression",
                                    "body": [
                                        {
                                            "type": "AssignmentStatement",
                                            "id": {
                                                "type": "Identifier",
                                                "value": "texture"
                                            },
                                            "value": {
                                                "type": "AssignmentExpression",
                                                "operator": "=",
                                                "value": {
                                                    "type": "StringLiteral",
                                                    "value": "Vehicles/vehicle_stepvanshell"
                                                }
                                            }
                                        }
                                    ]
                                }
                            }
                        ]
                    }
                },
                {
                    "type": "ObjectStatement",
                    "category": {
                        "type": "Identifier",
                        "value": "model"
                    },
                    "id": {
                        "type": "Identifier",
                        "value": "Vehicles_StepVanSmashedLeft"
                    },
                    "value": {
                        "type": "ObjectConstructorExpression",
                        "body": [
                            {
                                "type": "AssignmentStatement",
                                "id": {
                                    "type": "Identifier",
                                    "value": "mesh"
                                },
                                "value": {
                                    "type": "AssignmentExpression",
                                    "operator": "=",
                                    "value": {
                                        "type": "StringLiteral",
                                        "value": "vehicles/Vehicle_StepVanSMASH_Left"
                                    }
                                }
                            },
                            {
                                "type": "AssignmentStatement",
                                "id": {
                                    "type": "Identifier",
                                    "value": "shader"
                                },
                                "value": {
                                    "type": "AssignmentExpression",
                                    "operator": "=",
                                    "value": {
                                        "type": "StringLiteral",
                                        "value": "vehicle_multiuv"
                                    }
                                }
                            },
                            {
                                "type": "AssignmentStatement",
                                "id": {
                                    "type": "Identifier",
                                    "value": "invertX"
                                },
                                "value": {
                                    "type": "AssignmentExpression",
                                    "operator": "=",
                                    "value": {
                                        "type": "StringLiteral",
                                        "value": "FALSE"
                                    }
                                }
                            },
                            {
                                "type": "AssignmentStatement",
                                "id": {
                                    "type": "Identifier",
                                    "value": "scale"
                                },
                                "value": {
                                    "type": "AssignmentExpression",
                                    "operator": "=",
                                    "value": {
                                        "type": "NumericLiteral",
                                        "value": 0.0087
                                    }
                                }
                            }
                        ]
                    }
                },
                {
                    "type": "ObjectStatement",
                    "category": {
                        "type": "Identifier",
                        "value": "vehicle"
                    },
                    "id": {
                        "type": "Identifier",
                        "value": "StepVanSmashedLeft"
                    },
                    "value": {
                        "type": "ObjectConstructorExpression",
                        "body": [
                            {
                                "type": "AssignmentStatement",
                                "id": {
                                    "type": "Identifier",
                                    "value": "template!"
                                },
                                "value": {
                                    "type": "AssignmentExpression",
                                    "operator": "=",
                                    "value": {
                                        "type": "StringLiteral",
                                        "value": "StepVan"
                                    }
                                }
                            },
                            {
                                "type": "AssignmentStatement",
                                "id": {
                                    "type": "Identifier",
                                    "value": "model"
                                },
                                "value": {
                                    "type": "ObjectConstructorExpression",
                                    "body": [
                                        {
                                            "type": "AssignmentStatement",
                                            "id": {
                                                "type": "Identifier",
                                                "value": "file"
                                            },
                                            "value": {
                                                "type": "AssignmentExpression",
                                                "operator": "=",
                                                "value": {
                                                    "type": "StringLiteral",
                                                    "value": "Vehicles_StepVanSmashedLeft"
                                                }
                                            }
                                        },
                                        {
                                            "type": "AssignmentStatement",
                                            "id": {
                                                "type": "Identifier",
                                                "value": "scale"
                                            },
                                            "value": {
                                                "type": "AssignmentExpression",
                                                "operator": "=",
                                                "value": {
                                                    "type": "NumericLiteral",
                                                    "value": 1.82
                                                }
                                            }
                                        },
                                        {
                                            "type": "AssignmentStatement",
                                            "id": {
                                                "type": "Identifier",
                                                "value": "offset"
                                            },
                                            "value": {
                                                "type": "AssignmentExpression",
                                                "operator": "=",
                                                "value": {
                                                    "type": "NumericArrayLiteral",
                                                    "values": [
                                                        0,
                                                        0.4725,
                                                        0
                                                    ]
                                                }
                                            }
                                        }
                                    ]
                                }
                            },
                            {
                                "type": "AssignmentStatement",
                                "id": {
                                    "type": "Identifier",
                                    "value": "skin"
                                },
                                "value": {
                                    "type": "ObjectConstructorExpression",
                                    "body": [
                                        {
                                            "type": "AssignmentStatement",
                                            "id": {
                                                "type": "Identifier",
                                                "value": "texture"
                                            },
                                            "value": {
                                                "type": "AssignmentExpression",
                                                "operator": "=",
                                                "value": {
                                                    "type": "StringLiteral",
                                                    "value": "Vehicles/vehicle_stepvanshell"
                                                }
                                            }
                                        }
                                    ]
                                }
                            }
                        ]
                    }
                },
                {
                    "type": "ObjectStatement",
                    "category": {
                        "type": "Identifier",
                        "value": "model"
                    },
                    "id": {
                        "type": "Identifier",
                        "value": "Vehicles_StepVanSmashedFront"
                    },
                    "value": {
                        "type": "ObjectConstructorExpression",
                        "body": [
                            {
                                "type": "AssignmentStatement",
                                "id": {
                                    "type": "Identifier",
                                    "value": "mesh"
                                },
                                "value": {
                                    "type": "AssignmentExpression",
                                    "operator": "=",
                                    "value": {
                                        "type": "StringLiteral",
                                        "value": "vehicles/Vehicle_StepVanSMASH_Front"
                                    }
                                }
                            },
                            {
                                "type": "AssignmentStatement",
                                "id": {
                                    "type": "Identifier",
                                    "value": "shader"
                                },
                                "value": {
                                    "type": "AssignmentExpression",
                                    "operator": "=",
                                    "value": {
                                        "type": "StringLiteral",
                                        "value": "vehicle_multiuv"
                                    }
                                }
                            },
                            {
                                "type": "AssignmentStatement",
                                "id": {
                                    "type": "Identifier",
                                    "value": "invertX"
                                },
                                "value": {
                                    "type": "AssignmentExpression",
                                    "operator": "=",
                                    "value": {
                                        "type": "StringLiteral",
                                        "value": "FALSE"
                                    }
                                }
                            },
                            {
                                "type": "AssignmentStatement",
                                "id": {
                                    "type": "Identifier",
                                    "value": "scale"
                                },
                                "value": {
                                    "type": "AssignmentExpression",
                                    "operator": "=",
                                    "value": {
                                        "type": "NumericLiteral",
                                        "value": 0.0087
                                    }
                                }
                            }
                        ]
                    }
                },
                {
                    "type": "ObjectStatement",
                    "category": {
                        "type": "Identifier",
                        "value": "vehicle"
                    },
                    "id": {
                        "type": "Identifier",
                        "value": "StepVanSmashedFront"
                    },
                    "value": {
                        "type": "ObjectConstructorExpression",
                        "body": [
                            {
                                "type": "AssignmentStatement",
                                "id": {
                                    "type": "Identifier",
                                    "value": "template!"
                                },
                                "value": {
                                    "type": "AssignmentExpression",
                                    "operator": "=",
                                    "value": {
                                        "type": "StringLiteral",
                                        "value": "StepVan"
                                    }
                                }
                            },
                            {
                                "type": "AssignmentStatement",
                                "id": {
                                    "type": "Identifier",
                                    "value": "model"
                                },
                                "value": {
                                    "type": "ObjectConstructorExpression",
                                    "body": [
                                        {
                                            "type": "AssignmentStatement",
                                            "id": {
                                                "type": "Identifier",
                                                "value": "file"
                                            },
                                            "value": {
                                                "type": "AssignmentExpression",
                                                "operator": "=",
                                                "value": {
                                                    "type": "StringLiteral",
                                                    "value": "Vehicles_StepVanSmashedFront"
                                                }
                                            }
                                        },
                                        {
                                            "type": "AssignmentStatement",
                                            "id": {
                                                "type": "Identifier",
                                                "value": "scale"
                                            },
                                            "value": {
                                                "type": "AssignmentExpression",
                                                "operator": "=",
                                                "value": {
                                                    "type": "NumericLiteral",
                                                    "value": 1.82
                                                }
                                            }
                                        },
                                        {
                                            "type": "AssignmentStatement",
                                            "id": {
                                                "type": "Identifier",
                                                "value": "offset"
                                            },
                                            "value": {
                                                "type": "AssignmentExpression",
                                                "operator": "=",
                                                "value": {
                                                    "type": "NumericArrayLiteral",
                                                    "values": [
                                                        0,
                                                        0.4725,
                                                        0
                                                    ]
                                                }
                                            }
                                        }
                                    ]
                                }
                            },
                            {
                                "type": "AssignmentStatement",
                                "id": {
                                    "type": "Identifier",
                                    "value": "skin"
                                },
                                "value": {
                                    "type": "ObjectConstructorExpression",
                                    "body": [
                                        {
                                            "type": "AssignmentStatement",
                                            "id": {
                                                "type": "Identifier",
                                                "value": "texture"
                                            },
                                            "value": {
                                                "type": "AssignmentExpression",
                                                "operator": "=",
                                                "value": {
                                                    "type": "StringLiteral",
                                                    "value": "Vehicles/vehicle_stepvanshell"
                                                }
                                            }
                                        }
                                    ]
                                }
                            }
                        ]
                    }
                },
                {
                    "type": "ObjectStatement",
                    "category": {
                        "type": "Identifier",
                        "value": "model"
                    },
                    "id": {
                        "type": "Identifier",
                        "value": "Vehicles_StepVanMailSmashedRear"
                    },
                    "value": {
                        "type": "ObjectConstructorExpression",
                        "body": [
                            {
                                "type": "AssignmentStatement",
                                "id": {
                                    "type": "Identifier",
                                    "value": "mesh"
                                },
                                "value": {
                                    "type": "AssignmentExpression",
                                    "operator": "=",
                                    "value": {
                                        "type": "StringLiteral",
                                        "value": "vehicles/Vehicle_StepVanCRASH_Rear"
                                    }
                                }
                            },
                            {
                                "type": "AssignmentStatement",
                                "id": {
                                    "type": "Identifier",
                                    "value": "shader"
                                },
                                "value": {
                                    "type": "AssignmentExpression",
                                    "operator": "=",
                                    "value": {
                                        "type": "StringLiteral",
                                        "value": "vehicle_norandom_multiuv"
                                    }
                                }
                            },
                            {
                                "type": "AssignmentStatement",
                                "id": {
                                    "type": "Identifier",
                                    "value": "invertX"
                                },
                                "value": {
                                    "type": "AssignmentExpression",
                                    "operator": "=",
                                    "value": {
                                        "type": "StringLiteral",
                                        "value": "FALSE"
                                    }
                                }
                            },
                            {
                                "type": "AssignmentStatement",
                                "id": {
                                    "type": "Identifier",
                                    "value": "scale"
                                },
                                "value": {
                                    "type": "AssignmentExpression",
                                    "operator": "=",
                                    "value": {
                                        "type": "NumericLiteral",
                                        "value": 0.0087
                                    }
                                }
                            }
                        ]
                    }
                },
                {
                    "type": "ObjectStatement",
                    "category": {
                        "type": "Identifier",
                        "value": "vehicle"
                    },
                    "id": {
                        "type": "Identifier",
                        "value": "StepVanMailSmashedRear"
                    },
                    "value": {
                        "type": "ObjectConstructorExpression",
                        "body": [
                            {
                                "type": "AssignmentStatement",
                                "id": {
                                    "type": "Identifier",
                                    "value": "template!"
                                },
                                "value": {
                                    "type": "AssignmentExpression",
                                    "operator": "=",
                                    "value": {
                                        "type": "StringLiteral",
                                        "value": "StepVanMail"
                                    }
                                }
                            },
                            {
                                "type": "AssignmentStatement",
                                "id": {
                                    "type": "Identifier",
                                    "value": "model"
                                },
                                "value": {
                                    "type": "ObjectConstructorExpression",
                                    "body": [
                                        {
                                            "type": "AssignmentStatement",
                                            "id": {
                                                "type": "Identifier",
                                                "value": "file"
                                            },
                                            "value": {
                                                "type": "AssignmentExpression",
                                                "operator": "=",
                                                "value": {
                                                    "type": "StringLiteral",
                                                    "value": "Vehicles_StepVanMailSmashedRear"
                                                }
                                            }
                                        },
                                        {
                                            "type": "AssignmentStatement",
                                            "id": {
                                                "type": "Identifier",
                                                "value": "scale"
                                            },
                                            "value": {
                                                "type": "AssignmentExpression",
                                                "operator": "=",
                                                "value": {
                                                    "type": "NumericLiteral",
                                                    "value": 1.82
                                                }
                                            }
                                        },
                                        {
                                            "type": "AssignmentStatement",
                                            "id": {
                                                "type": "Identifier",
                                                "value": "offset"
                                            },
                                            "value": {
                                                "type": "AssignmentExpression",
                                                "operator": "=",
                                                "value": {
                                                    "type": "NumericArrayLiteral",
                                                    "values": [
                                                        0,
                                                        0.4505,
                                                        0
                                                    ]
                                                }
                                            }
                                        }
                                    ]
                                }
                            },
                            {
                                "type": "AssignmentStatement",
                                "id": {
                                    "type": "Identifier",
                                    "value": "skin"
                                },
                                "value": {
                                    "type": "ObjectConstructorExpression",
                                    "body": [
                                        {
                                            "type": "AssignmentStatement",
                                            "id": {
                                                "type": "Identifier",
                                                "value": "texture"
                                            },
                                            "value": {
                                                "type": "AssignmentExpression",
                                                "operator": "=",
                                                "value": {
                                                    "type": "StringLiteral",
                                                    "value": "Vehicles/vehicle_stepvanmailshell"
                                                }
                                            }
                                        }
                                    ]
                                }
                            }
                        ]
                    }
                },
                {
                    "type": "ObjectStatement",
                    "category": {
                        "type": "Identifier",
                        "value": "model"
                    },
                    "id": {
                        "type": "Identifier",
                        "value": "Vehicles_StepVanMailSmashedRight"
                    },
                    "value": {
                        "type": "ObjectConstructorExpression",
                        "body": [
                            {
                                "type": "AssignmentStatement",
                                "id": {
                                    "type": "Identifier",
                                    "value": "mesh"
                                },
                                "value": {
                                    "type": "AssignmentExpression",
                                    "operator": "=",
                                    "value": {
                                        "type": "StringLiteral",
                                        "value": "vehicles/Vehicle_StepVanCRASH_Right"
                                    }
                                }
                            },
                            {
                                "type": "AssignmentStatement",
                                "id": {
                                    "type": "Identifier",
                                    "value": "shader"
                                },
                                "value": {
                                    "type": "AssignmentExpression",
                                    "operator": "=",
                                    "value": {
                                        "type": "StringLiteral",
                                        "value": "vehicle_norandom_multiuv"
                                    }
                                }
                            },
                            {
                                "type": "AssignmentStatement",
                                "id": {
                                    "type": "Identifier",
                                    "value": "invertX"
                                },
                                "value": {
                                    "type": "AssignmentExpression",
                                    "operator": "=",
                                    "value": {
                                        "type": "StringLiteral",
                                        "value": "FALSE"
                                    }
                                }
                            },
                            {
                                "type": "AssignmentStatement",
                                "id": {
                                    "type": "Identifier",
                                    "value": "scale"
                                },
                                "value": {
                                    "type": "AssignmentExpression",
                                    "operator": "=",
                                    "value": {
                                        "type": "NumericLiteral",
                                        "value": 0.0087
                                    }
                                }
                            }
                        ]
                    }
                },
                {
                    "type": "ObjectStatement",
                    "category": {
                        "type": "Identifier",
                        "value": "vehicle"
                    },
                    "id": {
                        "type": "Identifier",
                        "value": "StepVanMailSmashedRight"
                    },
                    "value": {
                        "type": "ObjectConstructorExpression",
                        "body": [
                            {
                                "type": "AssignmentStatement",
                                "id": {
                                    "type": "Identifier",
                                    "value": "template!"
                                },
                                "value": {
                                    "type": "AssignmentExpression",
                                    "operator": "=",
                                    "value": {
                                        "type": "StringLiteral",
                                        "value": "StepVanMail"
                                    }
                                }
                            },
                            {
                                "type": "AssignmentStatement",
                                "id": {
                                    "type": "Identifier",
                                    "value": "model"
                                },
                                "value": {
                                    "type": "ObjectConstructorExpression",
                                    "body": [
                                        {
                                            "type": "AssignmentStatement",
                                            "id": {
                                                "type": "Identifier",
                                                "value": "file"
                                            },
                                            "value": {
                                                "type": "AssignmentExpression",
                                                "operator": "=",
                                                "value": {
                                                    "type": "StringLiteral",
                                                    "value": "Vehicles_StepVanMailSmashedRight"
                                                }
                                            }
                                        },
                                        {
                                            "type": "AssignmentStatement",
                                            "id": {
                                                "type": "Identifier",
                                                "value": "scale"
                                            },
                                            "value": {
                                                "type": "AssignmentExpression",
                                                "operator": "=",
                                                "value": {
                                                    "type": "NumericLiteral",
                                                    "value": 1.82
                                                }
                                            }
                                        },
                                        {
                                            "type": "AssignmentStatement",
                                            "id": {
                                                "type": "Identifier",
                                                "value": "offset"
                                            },
                                            "value": {
                                                "type": "AssignmentExpression",
                                                "operator": "=",
                                                "value": {
                                                    "type": "NumericArrayLiteral",
                                                    "values": [
                                                        0,
                                                        0.4505,
                                                        0
                                                    ]
                                                }
                                            }
                                        }
                                    ]
                                }
                            },
                            {
                                "type": "AssignmentStatement",
                                "id": {
                                    "type": "Identifier",
                                    "value": "skin"
                                },
                                "value": {
                                    "type": "ObjectConstructorExpression",
                                    "body": [
                                        {
                                            "type": "AssignmentStatement",
                                            "id": {
                                                "type": "Identifier",
                                                "value": "texture"
                                            },
                                            "value": {
                                                "type": "AssignmentExpression",
                                                "operator": "=",
                                                "value": {
                                                    "type": "StringLiteral",
                                                    "value": "Vehicles/vehicle_stepvanmailshell"
                                                }
                                            }
                                        }
                                    ]
                                }
                            }
                        ]
                    }
                },
                {
                    "type": "ObjectStatement",
                    "category": {
                        "type": "Identifier",
                        "value": "model"
                    },
                    "id": {
                        "type": "Identifier",
                        "value": "Vehicles_StepVanMailSmashedLeft"
                    },
                    "value": {
                        "type": "ObjectConstructorExpression",
                        "body": [
                            {
                                "type": "AssignmentStatement",
                                "id": {
                                    "type": "Identifier",
                                    "value": "mesh"
                                },
                                "value": {
                                    "type": "AssignmentExpression",
                                    "operator": "=",
                                    "value": {
                                        "type": "StringLiteral",
                                        "value": "vehicles/Vehicle_StepVanSMASH_Left"
                                    }
                                }
                            },
                            {
                                "type": "AssignmentStatement",
                                "id": {
                                    "type": "Identifier",
                                    "value": "shader"
                                },
                                "value": {
                                    "type": "AssignmentExpression",
                                    "operator": "=",
                                    "value": {
                                        "type": "StringLiteral",
                                        "value": "vehicle_norandom_multiuv"
                                    }
                                }
                            },
                            {
                                "type": "AssignmentStatement",
                                "id": {
                                    "type": "Identifier",
                                    "value": "invertX"
                                },
                                "value": {
                                    "type": "AssignmentExpression",
                                    "operator": "=",
                                    "value": {
                                        "type": "StringLiteral",
                                        "value": "FALSE"
                                    }
                                }
                            },
                            {
                                "type": "AssignmentStatement",
                                "id": {
                                    "type": "Identifier",
                                    "value": "scale"
                                },
                                "value": {
                                    "type": "AssignmentExpression",
                                    "operator": "=",
                                    "value": {
                                        "type": "NumericLiteral",
                                        "value": 0.0087
                                    }
                                }
                            }
                        ]
                    }
                },
                {
                    "type": "ObjectStatement",
                    "category": {
                        "type": "Identifier",
                        "value": "vehicle"
                    },
                    "id": {
                        "type": "Identifier",
                        "value": "StepVanMailSmashedLeft"
                    },
                    "value": {
                        "type": "ObjectConstructorExpression",
                        "body": [
                            {
                                "type": "AssignmentStatement",
                                "id": {
                                    "type": "Identifier",
                                    "value": "template!"
                                },
                                "value": {
                                    "type": "AssignmentExpression",
                                    "operator": "=",
                                    "value": {
                                        "type": "StringLiteral",
                                        "value": "StepVanMail"
                                    }
                                }
                            },
                            {
                                "type": "AssignmentStatement",
                                "id": {
                                    "type": "Identifier",
                                    "value": "model"
                                },
                                "value": {
                                    "type": "ObjectConstructorExpression",
                                    "body": [
                                        {
                                            "type": "AssignmentStatement",
                                            "id": {
                                                "type": "Identifier",
                                                "value": "file"
                                            },
                                            "value": {
                                                "type": "AssignmentExpression",
                                                "operator": "=",
                                                "value": {
                                                    "type": "StringLiteral",
                                                    "value": "Vehicles_StepVanMailSmashedLeft"
                                                }
                                            }
                                        },
                                        {
                                            "type": "AssignmentStatement",
                                            "id": {
                                                "type": "Identifier",
                                                "value": "scale"
                                            },
                                            "value": {
                                                "type": "AssignmentExpression",
                                                "operator": "=",
                                                "value": {
                                                    "type": "NumericLiteral",
                                                    "value": 1.82
                                                }
                                            }
                                        },
                                        {
                                            "type": "AssignmentStatement",
                                            "id": {
                                                "type": "Identifier",
                                                "value": "offset"
                                            },
                                            "value": {
                                                "type": "AssignmentExpression",
                                                "operator": "=",
                                                "value": {
                                                    "type": "NumericArrayLiteral",
                                                    "values": [
                                                        0,
                                                        0.4505,
                                                        0
                                                    ]
                                                }
                                            }
                                        }
                                    ]
                                }
                            },
                            {
                                "type": "AssignmentStatement",
                                "id": {
                                    "type": "Identifier",
                                    "value": "skin"
                                },
                                "value": {
                                    "type": "ObjectConstructorExpression",
                                    "body": [
                                        {
                                            "type": "AssignmentStatement",
                                            "id": {
                                                "type": "Identifier",
                                                "value": "texture"
                                            },
                                            "value": {
                                                "type": "AssignmentExpression",
                                                "operator": "=",
                                                "value": {
                                                    "type": "StringLiteral",
                                                    "value": "Vehicles/vehicle_stepvanmailshell"
                                                }
                                            }
                                        }
                                    ]
                                }
                            }
                        ]
                    }
                },
                {
                    "type": "ObjectStatement",
                    "category": {
                        "type": "Identifier",
                        "value": "model"
                    },
                    "id": {
                        "type": "Identifier",
                        "value": "Vehicles_StepVanMailSmashedFront"
                    },
                    "value": {
                        "type": "ObjectConstructorExpression",
                        "body": [
                            {
                                "type": "AssignmentStatement",
                                "id": {
                                    "type": "Identifier",
                                    "value": "mesh"
                                },
                                "value": {
                                    "type": "AssignmentExpression",
                                    "operator": "=",
                                    "value": {
                                        "type": "StringLiteral",
                                        "value": "vehicles/Vehicle_StepVanSMASH_Front"
                                    }
                                }
                            },
                            {
                                "type": "AssignmentStatement",
                                "id": {
                                    "type": "Identifier",
                                    "value": "shader"
                                },
                                "value": {
                                    "type": "AssignmentExpression",
                                    "operator": "=",
                                    "value": {
                                        "type": "StringLiteral",
                                        "value": "vehicle_norandom_multiuv"
                                    }
                                }
                            },
                            {
                                "type": "AssignmentStatement",
                                "id": {
                                    "type": "Identifier",
                                    "value": "invertX"
                                },
                                "value": {
                                    "type": "AssignmentExpression",
                                    "operator": "=",
                                    "value": {
                                        "type": "StringLiteral",
                                        "value": "FALSE"
                                    }
                                }
                            },
                            {
                                "type": "AssignmentStatement",
                                "id": {
                                    "type": "Identifier",
                                    "value": "scale"
                                },
                                "value": {
                                    "type": "AssignmentExpression",
                                    "operator": "=",
                                    "value": {
                                        "type": "NumericLiteral",
                                        "value": 0.0087
                                    }
                                }
                            }
                        ]
                    }
                },
                {
                    "type": "ObjectStatement",
                    "category": {
                        "type": "Identifier",
                        "value": "vehicle"
                    },
                    "id": {
                        "type": "Identifier",
                        "value": "StepVanMailSmashedFront"
                    },
                    "value": {
                        "type": "ObjectConstructorExpression",
                        "body": [
                            {
                                "type": "AssignmentStatement",
                                "id": {
                                    "type": "Identifier",
                                    "value": "template!"
                                },
                                "value": {
                                    "type": "AssignmentExpression",
                                    "operator": "=",
                                    "value": {
                                        "type": "StringLiteral",
                                        "value": "StepVanMail"
                                    }
                                }
                            },
                            {
                                "type": "AssignmentStatement",
                                "id": {
                                    "type": "Identifier",
                                    "value": "model"
                                },
                                "value": {
                                    "type": "ObjectConstructorExpression",
                                    "body": [
                                        {
                                            "type": "AssignmentStatement",
                                            "id": {
                                                "type": "Identifier",
                                                "value": "file"
                                            },
                                            "value": {
                                                "type": "AssignmentExpression",
                                                "operator": "=",
                                                "value": {
                                                    "type": "StringLiteral",
                                                    "value": "Vehicles_StepVanMailSmashedFront"
                                                }
                                            }
                                        },
                                        {
                                            "type": "AssignmentStatement",
                                            "id": {
                                                "type": "Identifier",
                                                "value": "scale"
                                            },
                                            "value": {
                                                "type": "AssignmentExpression",
                                                "operator": "=",
                                                "value": {
                                                    "type": "NumericLiteral",
                                                    "value": 1.82
                                                }
                                            }
                                        },
                                        {
                                            "type": "AssignmentStatement",
                                            "id": {
                                                "type": "Identifier",
                                                "value": "offset"
                                            },
                                            "value": {
                                                "type": "AssignmentExpression",
                                                "operator": "=",
                                                "value": {
                                                    "type": "NumericArrayLiteral",
                                                    "values": [
                                                        0,
                                                        0.4505,
                                                        0
                                                    ]
                                                }
                                            }
                                        }
                                    ]
                                }
                            },
                            {
                                "type": "AssignmentStatement",
                                "id": {
                                    "type": "Identifier",
                                    "value": "skin"
                                },
                                "value": {
                                    "type": "ObjectConstructorExpression",
                                    "body": [
                                        {
                                            "type": "AssignmentStatement",
                                            "id": {
                                                "type": "Identifier",
                                                "value": "texture"
                                            },
                                            "value": {
                                                "type": "AssignmentExpression",
                                                "operator": "=",
                                                "value": {
                                                    "type": "StringLiteral",
                                                    "value": "Vehicles/vehicle_stepvanmailshell"
                                                }
                                            }
                                        }
                                    ]
                                }
                            }
                        ]
                    }
                }
            ]
        }
    }
]