[
    {
        "type": "AssignmentStatement",
        "id": {
            "type": "Identifier",
            "value": "Base"
        },
        "value": {
            "type": "ModuleConstructorExpression",
            "body": [
                {
                    "type": "ObjectStatement",
                    "category": {
                        "type": "Identifier",
                        "value": "fixing"
                    },
                    "id": {
                        "type": "Identifier",
                        "value": "Fix Gas Tank Welding"
                    },
                    "value": {
                        "type": "ObjectConstructorExpression",
                        "body": [
                            {
                                "type": "AssignmentStatement",
                                "id": {
                                    "type": "Identifier",
                                    "value": "Require"
                                },
                                "value": {
                                    "type": "AssignmentExpression",
                                    "operator": ":",
                                    "value": {
                                        "type": "StringLiteral",
                                        "value": "SmallGasTank1;NormalGasTank1;BigGasTank1;SmallGasTank2;NormalGasTank2;BigGasTank2;SmallGasTank3;NormalGasTank3;BigGasTank3"
                                    }
                                }
                            },
                            {
                                "type": "AssignmentStatement",
                                "id": {
                                    "type": "Identifier",
                                    "value": "GlobalItem"
                                },
                                "value": {
                                    "type": "AssignmentExpression",
                                    "operator": ":",
                                    "value": {
                                        "type": "StringLiteral",
                                        "value": "BlowTorch = 2"
                                    }
                                }
                            },
                            {
                                "type": "AssignmentStatement",
                                "id": {
                                    "type": "Identifier",
                                    "value": "ConditionModifier"
                                },
                                "value": {
                                    "type": "AssignmentExpression",
                                    "operator": ":",
                                    "value": {
                                        "type": "NumericLiteral",
                                        "value": 1.2
                                    }
                                }
                            },
                            {
                                "type": "AssignmentStatement",
                                "id": {
                                    "type": "Identifier",
                                    "value": "Fixer"
                                },
                                "value": {
                                    "type": "AssignmentExpression",
                                    "operator": ":",
                                    "value": {
                                        "type": "StringLiteral",
                                        "value": "SheetMetal; MetalWelding = 3;Mechanics = 2"
                                    }
                                }
                            },
                            {
                                "type": "AssignmentStatement",
                                "id": {
                                    "type": "Identifier",
                                    "value": "Fixer"
                                },
                                "value": {
                                    "type": "AssignmentExpression",
                                    "operator": ":",
                                    "value": {
                                        "type": "StringLiteral",
                                        "value": "SmallSheetMetal = 2; MetalWelding = 3;Mechanics = 2"
                                    }
                                }
                            }
                        ]
                    }
                },
                {
                    "type": "ObjectStatement",
                    "category": {
                        "type": "Identifier",
                        "value": "fixing"
                    },
                    "id": {
                        "type": "Identifier",
                        "value": "Fix Trailer Welding"
                    },
                    "value": {
                        "type": "ObjectConstructorExpression",
                        "body": [
                            {
                                "type": "AssignmentStatement",
                                "id": {
                                    "type": "Identifier",
                                    "value": "Require"
                                },
                                "value": {
                                    "type": "AssignmentExpression",
                                    "operator": ":",
                                    "value": {
                                        "type": "StringLiteral",
                                        "value": "TrailerTrunk1;TrailerTrunk2;TrailerTrunk3"
                                    }
                                }
                            },
                            {
                                "type": "AssignmentStatement",
                                "id": {
                                    "type": "Identifier",
                                    "value": "GlobalItem"
                                },
                                "value": {
                                    "type": "AssignmentExpression",
                                    "operator": ":",
                                    "value": {
                                        "type": "StringLiteral",
                                        "value": "BlowTorch = 2"
                                    }
                                }
                            },
                            {
                                "type": "AssignmentStatement",
                                "id": {
                                    "type": "Identifier",
                                    "value": "ConditionModifier"
                                },
                                "value": {
                                    "type": "AssignmentExpression",
                                    "operator": ":",
                                    "value": {
                                        "type": "NumericLiteral",
                                        "value": 1.2
                                    }
                                }
                            },
                            {
                                "type": "AssignmentStatement",
                                "id": {
                                    "type": "Identifier",
                                    "value": "Fixer"
                                },
                                "value": {
                                    "type": "AssignmentExpression",
                                    "operator": ":",
                                    "value": {
                                        "type": "StringLiteral",
                                        "value": "SheetMetal; MetalWelding = 3;Mechanics = 2"
                                    }
                                }
                            },
                            {
                                "type": "AssignmentStatement",
                                "id": {
                                    "type": "Identifier",
                                    "value": "Fixer"
                                },
                                "value": {
                                    "type": "AssignmentExpression",
                                    "operator": ":",
                                    "value": {
                                        "type": "StringLiteral",
                                        "value": "SmallSheetMetal = 2; MetalWelding = 3;Mechanics = 2"
                                    }
                                }
                            }
                        ]
                    }
                },
                {
                    "type": "ObjectStatement",
                    "category": {
                        "type": "Identifier",
                        "value": "fixing"
                    },
                    "id": {
                        "type": "Identifier",
                        "value": "Fix Trunk Welding"
                    },
                    "value": {
                        "type": "ObjectConstructorExpression",
                        "body": [
                            {
                                "type": "AssignmentStatement",
                                "id": {
                                    "type": "Identifier",
                                    "value": "Require"
                                },
                                "value": {
                                    "type": "AssignmentExpression",
                                    "operator": ":",
                                    "value": {
                                        "type": "StringLiteral",
                                        "value": "SmallTrunk1;NormalTrunk1;BigTrunk1;SmallTrunk2;NormalTrunk2;BigTrunk2;SmallTrunk3;NormalTrunk3;BigTrunk3;VanSeatsTrunk2"
                                    }
                                }
                            },
                            {
                                "type": "AssignmentStatement",
                                "id": {
                                    "type": "Identifier",
                                    "value": "GlobalItem"
                                },
                                "value": {
                                    "type": "AssignmentExpression",
                                    "operator": ":",
                                    "value": {
                                        "type": "StringLiteral",
                                        "value": "BlowTorch = 2"
                                    }
                                }
                            },
                            {
                                "type": "AssignmentStatement",
                                "id": {
                                    "type": "Identifier",
                                    "value": "ConditionModifier"
                                },
                                "value": {
                                    "type": "AssignmentExpression",
                                    "operator": ":",
                                    "value": {
                                        "type": "NumericLiteral",
                                        "value": 1.2
                                    }
                                }
                            },
                            {
                                "type": "AssignmentStatement",
                                "id": {
                                    "type": "Identifier",
                                    "value": "Fixer"
                                },
                                "value": {
                                    "type": "AssignmentExpression",
                                    "operator": ":",
                                    "value": {
                                        "type": "StringLiteral",
                                        "value": "SheetMetal; MetalWelding = 3;Mechanics = 2"
                                    }
                                }
                            },
                            {
                                "type": "AssignmentStatement",
                                "id": {
                                    "type": "Identifier",
                                    "value": "Fixer"
                                },
                                "value": {
                                    "type": "AssignmentExpression",
                                    "operator": ":",
                                    "value": {
                                        "type": "StringLiteral",
                                        "value": "SmallSheetMetal = 2; MetalWelding = 3;Mechanics = 2"
                                    }
                                }
                            }
                        ]
                    }
                },
                {
                    "type": "ObjectStatement",
                    "category": {
                        "type": "Identifier",
                        "value": "fixing"
                    },
                    "id": {
                        "type": "Identifier",
                        "value": "Fix Hood Welding"
                    },
                    "value": {
                        "type": "ObjectConstructorExpression",
                        "body": [
                            {
                                "type": "AssignmentStatement",
                                "id": {
                                    "type": "Identifier",
                                    "value": "Require"
                                },
                                "value": {
                                    "type": "AssignmentExpression",
                                    "operator": ":",
                                    "value": {
                                        "type": "StringLiteral",
                                        "value": "EngineDoor1;EngineDoor2;EngineDoor3"
                                    }
                                }
                            },
                            {
                                "type": "AssignmentStatement",
                                "id": {
                                    "type": "Identifier",
                                    "value": "GlobalItem"
                                },
                                "value": {
                                    "type": "AssignmentExpression",
                                    "operator": ":",
                                    "value": {
                                        "type": "StringLiteral",
                                        "value": "BlowTorch = 2"
                                    }
                                }
                            },
                            {
                                "type": "AssignmentStatement",
                                "id": {
                                    "type": "Identifier",
                                    "value": "ConditionModifier"
                                },
                                "value": {
                                    "type": "AssignmentExpression",
                                    "operator": ":",
                                    "value": {
                                        "type": "NumericLiteral",
                                        "value": 1.2
                                    }
                                }
                            },
                            {
                                "type": "AssignmentStatement",
                                "id": {
                                    "type": "Identifier",
                                    "value": "Fixer"
                                },
                                "value": {
                                    "type": "AssignmentExpression",
                                    "operator": ":",
                                    "value": {
                                        "type": "StringLiteral",
                                        "value": "SheetMetal; MetalWelding = 1;Mechanics = 2"
                                    }
                                }
                            },
                            {
                                "type": "AssignmentStatement",
                                "id": {
                                    "type": "Identifier",
                                    "value": "Fixer"
                                },
                                "value": {
                                    "type": "AssignmentExpression",
                                    "operator": ":",
                                    "value": {
                                        "type": "StringLiteral",
                                        "value": "SmallSheetMetal = 2; MetalWelding = 1;Mechanics = 2"
                                    }
                                }
                            }
                        ]
                    }
                },
                {
                    "type": "ObjectStatement",
                    "category": {
                        "type": "Identifier",
                        "value": "fixing"
                    },
                    "id": {
                        "type": "Identifier",
                        "value": "Fix Hood"
                    },
                    "value": {
                        "type": "ObjectConstructorExpression",
                        "body": [
                            {
                                "type": "AssignmentStatement",
                                "id": {
                                    "type": "Identifier",
                                    "value": "Require"
                                },
                                "value": {
                                    "type": "AssignmentExpression",
                                    "operator": ":",
                                    "value": {
                                        "type": "StringLiteral",
                                        "value": "EngineDoor1;EngineDoor2;EngineDoor3"
                                    }
                                }
                            },
                            {
                                "type": "AssignmentStatement",
                                "id": {
                                    "type": "Identifier",
                                    "value": "GlobalItem"
                                },
                                "value": {
                                    "type": "AssignmentExpression",
                                    "operator": ":",
                                    "value": {
                                        "type": "StringLiteral",
                                        "value": "Screws = 8"
                                    }
                                }
                            },
                            {
                                "type": "AssignmentStatement",
                                "id": {
                                    "type": "Identifier",
                                    "value": "ConditionModifier"
                                },
                                "value": {
                                    "type": "AssignmentExpression",
                                    "operator": ":",
                                    "value": {
                                        "type": "NumericLiteral",
                                        "value": 0.5
                                    }
                                }
                            },
                            {
                                "type": "AssignmentStatement",
                                "id": {
                                    "type": "Identifier",
                                    "value": "Fixer"
                                },
                                "value": {
                                    "type": "AssignmentExpression",
                                    "operator": ":",
                                    "value": {
                                        "type": "StringLiteral",
                                        "value": "SheetMetal; Mechanics = 2"
                                    }
                                }
                            }
                        ]
                    }
                },
                {
                    "type": "ObjectStatement",
                    "category": {
                        "type": "Identifier",
                        "value": "fixing"
                    },
                    "id": {
                        "type": "Identifier",
                        "value": "Fix Trunk Lid Welding"
                    },
                    "value": {
                        "type": "ObjectConstructorExpression",
                        "body": [
                            {
                                "type": "AssignmentStatement",
                                "id": {
                                    "type": "Identifier",
                                    "value": "Require"
                                },
                                "value": {
                                    "type": "AssignmentExpression",
                                    "operator": ":",
                                    "value": {
                                        "type": "StringLiteral",
                                        "value": "TrunkDoor1;TrunkDoor2;TrunkDoor3"
                                    }
                                }
                            },
                            {
                                "type": "AssignmentStatement",
                                "id": {
                                    "type": "Identifier",
                                    "value": "GlobalItem"
                                },
                                "value": {
                                    "type": "AssignmentExpression",
                                    "operator": ":",
                                    "value": {
                                        "type": "StringLiteral",
                                        "value": "BlowTorch = 2"
                                    }
                                }
                            },
                            {
                                "type": "AssignmentStatement",
                                "id": {
                                    "type": "Identifier",
                                    "value": "ConditionModifier"
                                },
                                "value": {
                                    "type": "AssignmentExpression",
                                    "operator": ":",
                                    "value": {
                                        "type": "NumericLiteral",
                                        "value": 1.2
                                    }
                                }
                            },
                            {
                                "type": "AssignmentStatement",
                                "id": {
                                    "type": "Identifier",
                                    "value": "Fixer"
                                },
                                "value": {
                                    "type": "AssignmentExpression",
                                    "operator": ":",
                                    "value": {
                                        "type": "StringLiteral",
                                        "value": "SheetMetal; MetalWelding = 1;Mechanics = 2"
                                    }
                                }
                            },
                            {
                                "type": "AssignmentStatement",
                                "id": {
                                    "type": "Identifier",
                                    "value": "Fixer"
                                },
                                "value": {
                                    "type": "AssignmentExpression",
                                    "operator": ":",
                                    "value": {
                                        "type": "StringLiteral",
                                        "value": "SmallSheetMetal = 2; MetalWelding = 1;Mechanics = 2"
                                    }
                                }
                            }
                        ]
                    }
                },
                {
                    "type": "ObjectStatement",
                    "category": {
                        "type": "Identifier",
                        "value": "fixing"
                    },
                    "id": {
                        "type": "Identifier",
                        "value": "Fix Trunk Lid"
                    },
                    "value": {
                        "type": "ObjectConstructorExpression",
                        "body": [
                            {
                                "type": "AssignmentStatement",
                                "id": {
                                    "type": "Identifier",
                                    "value": "Require"
                                },
                                "value": {
                                    "type": "AssignmentExpression",
                                    "operator": ":",
                                    "value": {
                                        "type": "StringLiteral",
                                        "value": "TrunkDoor1;TrunkDoor2;TrunkDoor3"
                                    }
                                }
                            },
                            {
                                "type": "AssignmentStatement",
                                "id": {
                                    "type": "Identifier",
                                    "value": "GlobalItem"
                                },
                                "value": {
                                    "type": "AssignmentExpression",
                                    "operator": ":",
                                    "value": {
                                        "type": "StringLiteral",
                                        "value": "Screws = 8"
                                    }
                                }
                            },
                            {
                                "type": "AssignmentStatement",
                                "id": {
                                    "type": "Identifier",
                                    "value": "ConditionModifier"
                                },
                                "value": {
                                    "type": "AssignmentExpression",
                                    "operator": ":",
                                    "value": {
                                        "type": "NumericLiteral",
                                        "value": 0.5
                                    }
                                }
                            },
                            {
                                "type": "AssignmentStatement",
                                "id": {
                                    "type": "Identifier",
                                    "value": "Fixer"
                                },
                                "value": {
                                    "type": "AssignmentExpression",
                                    "operator": ":",
                                    "value": {
                                        "type": "StringLiteral",
                                        "value": "SheetMetal; Mechanics = 2"
                                    }
                                }
                            }
                        ]
                    }
                },
                {
                    "type": "ObjectStatement",
                    "category": {
                        "type": "Identifier",
                        "value": "fixing"
                    },
                    "id": {
                        "type": "Identifier",
                        "value": "Fix Door Welding"
                    },
                    "value": {
                        "type": "ObjectConstructorExpression",
                        "body": [
                            {
                                "type": "AssignmentStatement",
                                "id": {
                                    "type": "Identifier",
                                    "value": "Require"
                                },
                                "value": {
                                    "type": "AssignmentExpression",
                                    "operator": ":",
                                    "value": {
                                        "type": "StringLiteral",
                                        "value": "FrontCarDoor1;FrontCarDoor2;FrontCarDoor3;RearCarDoor1;RearCarDoor2;RearCarDoor3;RearCarDoorDouble1;RearCarDoorDouble2;RearCarDoorDouble3"
                                    }
                                }
                            },
                            {
                                "type": "AssignmentStatement",
                                "id": {
                                    "type": "Identifier",
                                    "value": "GlobalItem"
                                },
                                "value": {
                                    "type": "AssignmentExpression",
                                    "operator": ":",
                                    "value": {
                                        "type": "StringLiteral",
                                        "value": "BlowTorch = 2"
                                    }
                                }
                            },
                            {
                                "type": "AssignmentStatement",
                                "id": {
                                    "type": "Identifier",
                                    "value": "ConditionModifier"
                                },
                                "value": {
                                    "type": "AssignmentExpression",
                                    "operator": ":",
                                    "value": {
                                        "type": "NumericLiteral",
                                        "value": 1.2
                                    }
                                }
                            },
                            {
                                "type": "AssignmentStatement",
                                "id": {
                                    "type": "Identifier",
                                    "value": "Fixer"
                                },
                                "value": {
                                    "type": "AssignmentExpression",
                                    "operator": ":",
                                    "value": {
                                        "type": "StringLiteral",
                                        "value": "SheetMetal; MetalWelding = 3;Mechanics = 2"
                                    }
                                }
                            },
                            {
                                "type": "AssignmentStatement",
                                "id": {
                                    "type": "Identifier",
                                    "value": "Fixer"
                                },
                                "value": {
                                    "type": "AssignmentExpression",
                                    "operator": ":",
                                    "value": {
                                        "type": "StringLiteral",
                                        "value": "SmallSheetMetal = 2; MetalWelding = 3;Mechanics = 2"
                                    }
                                }
                            }
                        ]
                    }
                },
                {
                    "type": "ObjectStatement",
                    "category": {
                        "type": "Identifier",
                        "value": "fixing"
                    },
                    "id": {
                        "type": "Identifier",
                        "value": "Fix Glove box"
                    },
                    "value": {
                        "type": "ObjectConstructorExpression",
                        "body": [
                            {
                                "type": "AssignmentStatement",
                                "id": {
                                    "type": "Identifier",
                                    "value": "Require"
                                },
                                "value": {
                                    "type": "AssignmentExpression",
                                    "operator": ":",
                                    "value": {
                                        "type": "StringLiteral",
                                        "value": "GloveBox1;GloveBox2;GloveBox3"
                                    }
                                }
                            },
                            {
                                "type": "AssignmentStatement",
                                "id": {
                                    "type": "Identifier",
                                    "value": "Fixer"
                                },
                                "value": {
                                    "type": "AssignmentExpression",
                                    "operator": ":",
                                    "value": {
                                        "type": "StringLiteral",
                                        "value": "DuctTape = 2;Mechanics = 1"
                                    }
                                }
                            },
                            {
                                "type": "AssignmentStatement",
                                "id": {
                                    "type": "Identifier",
                                    "value": "Fixer"
                                },
                                "value": {
                                    "type": "AssignmentExpression",
                                    "operator": ":",
                                    "value": {
                                        "type": "StringLiteral",
                                        "value": "Glue = 2;Mechanics = 1"
                                    }
                                }
                            }
                        ]
                    }
                },
                {
                    "type": "ObjectStatement",
                    "category": {
                        "type": "Identifier",
                        "value": "fixing"
                    },
                    "id": {
                        "type": "Identifier",
                        "value": "Fix Car seat"
                    },
                    "value": {
                        "type": "ObjectConstructorExpression",
                        "body": [
                            {
                                "type": "AssignmentStatement",
                                "id": {
                                    "type": "Identifier",
                                    "value": "Require"
                                },
                                "value": {
                                    "type": "AssignmentExpression",
                                    "operator": ":",
                                    "value": {
                                        "type": "StringLiteral",
                                        "value": "NormalCarSeat1;NormalCarSeat2;NormalCarSeat3"
                                    }
                                }
                            },
                            {
                                "type": "AssignmentStatement",
                                "id": {
                                    "type": "Identifier",
                                    "value": "ConditionModifier"
                                },
                                "value": {
                                    "type": "AssignmentExpression",
                                    "operator": ":",
                                    "value": {
                                        "type": "NumericLiteral",
                                        "value": 0.8
                                    }
                                }
                            },
                            {
                                "type": "AssignmentStatement",
                                "id": {
                                    "type": "Identifier",
                                    "value": "Fixer"
                                },
                                "value": {
                                    "type": "AssignmentExpression",
                                    "operator": ":",
                                    "value": {
                                        "type": "StringLiteral",
                                        "value": "DuctTape = 2;Mechanics = 1"
                                    }
                                }
                            },
                            {
                                "type": "AssignmentStatement",
                                "id": {
                                    "type": "Identifier",
                                    "value": "Fixer"
                                },
                                "value": {
                                    "type": "AssignmentExpression",
                                    "operator": ":",
                                    "value": {
                                        "type": "StringLiteral",
                                        "value": "Glue = 2;Mechanics = 1"
                                    }
                                }
                            }
                        ]
                    }
                }
            ]
        }
    }
]