[
    {
        "type": "AssignmentStatement",
        "id": {
            "type": "Identifier",
            "value": "Moveables"
        },
        "value": {
            "type": "ModuleConstructorExpression",
            "body": [
                {
                    "type": "ImportStatement",
                    "value": [
                        {
                            "type": "Identifier",
                            "value": "Base"
                        }
                    ]
                },
                {
                    "type": "ObjectStatement",
                    "category": {
                        "type": "Identifier",
                        "value": "item"
                    },
                    "id": {
                        "type": "Identifier",
                        "value": "Moveable"
                    },
                    "value": {
                        "type": "ObjectConstructorExpression",
                        "body": [
                            {
                                "type": "AssignmentStatement",
                                "id": {
                                    "type": "Identifier",
                                    "value": "DisplayCategory"
                                },
                                "value": {
                                    "type": "AssignmentExpression",
                                    "operator": "=",
                                    "value": {
                                        "type": "StringLiteral",
                                        "value": "Furniture"
                                    }
                                }
                            },
                            {
                                "type": "AssignmentStatement",
                                "id": {
                                    "type": "Identifier",
                                    "value": "Type"
                                },
                                "value": {
                                    "type": "AssignmentExpression",
                                    "operator": "=",
                                    "value": {
                                        "type": "StringLiteral",
                                        "value": "Moveable"
                                    }
                                }
                            },
                            {
                                "type": "AssignmentStatement",
                                "id": {
                                    "type": "Identifier",
                                    "value": "Icon"
                                },
                                "value": {
                                    "type": "AssignmentExpression",
                                    "operator": "=",
                                    "value": {
                                        "type": "StringLiteral",
                                        "value": "default"
                                    }
                                }
                            },
                            {
                                "type": "AssignmentStatement",
                                "id": {
                                    "type": "Identifier",
                                    "value": "Weight"
                                },
                                "value": {
                                    "type": "AssignmentExpression",
                                    "operator": "=",
                                    "value": {
                                        "type": "NumericLiteral",
                                        "value": 0.5
                                    }
                                }
                            },
                            {
                                "type": "AssignmentStatement",
                                "id": {
                                    "type": "Identifier",
                                    "value": "DisplayName"
                                },
                                "value": {
                                    "type": "AssignmentExpression",
                                    "operator": "=",
                                    "value": {
                                        "type": "StringLiteral",
                                        "value": "Moveable"
                                    }
                                }
                            }
                        ]
                    }
                }
            ]
        }
    }
]