[
    {
        "type": "AssignmentStatement",
        "id": {
            "type": "Identifier",
            "value": "Base"
        },
        "value": {
            "type": "ModuleConstructorExpression",
            "body": [
                {
                    "type": "ObjectStatement",
                    "category": {
                        "type": "Identifier",
                        "value": "recipe"
                    },
                    "id": {
                        "type": "Identifier",
                        "value": "Dismantle Radio"
                    },
                    "value": {
                        "type": "ObjectConstructorExpression",
                        "body": [
                            {
                                "type": "AssignmentStatement",
                                "id": {
                                    "type": "Identifier",
                                    "value": "__Items"
                                },
                                "value": {
                                    "type": "RecipeItemsExpression",
                                    "values": [
                                        "Radio.RadioRed",
                                        "Radio.RadioBlack"
                                    ]
                                }
                            },
                            {
                                "type": "AssignmentStatement",
                                "id": {
                                    "type": "Identifier",
                                    "value": "__Items"
                                },
                                "value": {
                                    "type": "RecipeItemsExpression",
                                    "values": [
                                        ","
                                    ]
                                }
                            },
                            {
                                "type": "AssignmentStatement",
                                "id": {
                                    "type": "Identifier",
                                    "value": "__Items"
                                },
                                "value": {
                                    "type": "RecipeItemsExpression",
                                    "values": [
                                        "keep"
                                    ]
                                }
                            },
                            {
                                "type": "AssignmentStatement",
                                "id": {
                                    "type": "Identifier",
                                    "value": "__Items"
                                },
                                "value": {
                                    "type": "RecipeItemsExpression",
                                    "values": [
                                        "[Recipe.GetItemTypes.Screwdriver]"
                                    ]
                                }
                            },
                            {
                                "type": "AssignmentStatement",
                                "id": {
                                    "type": "Identifier",
                                    "value": "__Items"
                                },
                                "value": {
                                    "type": "RecipeItemsExpression",
                                    "values": [
                                        ","
                                    ]
                                }
                            },
                            {
                                "type": "AssignmentStatement",
                                "id": {
                                    "type": "Identifier",
                                    "value": "NoBrokenItems"
                                },
                                "value": {
                                    "type": "AssignmentExpression",
                                    "operator": ":",
                                    "value": {
                                        "type": "BooleanLiteral",
                                        "value": true
                                    }
                                }
                            },
                            {
                                "type": "AssignmentStatement",
                                "id": {
                                    "type": "Identifier",
                                    "value": "Result"
                                },
                                "value": {
                                    "type": "AssignmentExpression",
                                    "operator": ":",
                                    "value": {
                                        "type": "StringLiteral",
                                        "value": "ElectronicsScrap"
                                    }
                                }
                            },
                            {
                                "type": "AssignmentStatement",
                                "id": {
                                    "type": "Identifier",
                                    "value": "Time"
                                },
                                "value": {
                                    "type": "AssignmentExpression",
                                    "operator": ":",
                                    "value": {
                                        "type": "NumericLiteral",
                                        "value": 30
                                    }
                                }
                            },
                            {
                                "type": "AssignmentStatement",
                                "id": {
                                    "type": "Identifier",
                                    "value": "OnTest"
                                },
                                "value": {
                                    "type": "AssignmentExpression",
                                    "operator": ":",
                                    "value": {
                                        "type": "StringLiteral",
                                        "value": "Recipe.OnTest.DismantleElectronics"
                                    }
                                }
                            },
                            {
                                "type": "AssignmentStatement",
                                "id": {
                                    "type": "Identifier",
                                    "value": "OnCreate"
                                },
                                "value": {
                                    "type": "AssignmentExpression",
                                    "operator": ":",
                                    "value": {
                                        "type": "StringLiteral",
                                        "value": "Recipe.OnCreate.DismantleRadio"
                                    }
                                }
                            },
                            {
                                "type": "AssignmentStatement",
                                "id": {
                                    "type": "Identifier",
                                    "value": "OnGiveXP"
                                },
                                "value": {
                                    "type": "AssignmentExpression",
                                    "operator": ":",
                                    "value": {
                                        "type": "StringLiteral",
                                        "value": "Recipe.OnGiveXP.DismantleRadio"
                                    }
                                }
                            },
                            {
                                "type": "AssignmentStatement",
                                "id": {
                                    "type": "Identifier",
                                    "value": "Category"
                                },
                                "value": {
                                    "type": "AssignmentExpression",
                                    "operator": ":",
                                    "value": {
                                        "type": "StringLiteral",
                                        "value": "Electrical"
                                    }
                                }
                            },
                            {
                                "type": "AssignmentStatement",
                                "id": {
                                    "type": "Identifier",
                                    "value": "AnimNode"
                                },
                                "value": {
                                    "type": "AssignmentExpression",
                                    "operator": ":",
                                    "value": {
                                        "type": "StringLiteral",
                                        "value": "Disassemble"
                                    }
                                }
                            },
                            {
                                "type": "AssignmentStatement",
                                "id": {
                                    "type": "Identifier",
                                    "value": "Prop1"
                                },
                                "value": {
                                    "type": "AssignmentExpression",
                                    "operator": ":",
                                    "value": {
                                        "type": "StringLiteral",
                                        "value": "Screwdriver"
                                    }
                                }
                            },
                            {
                                "type": "AssignmentStatement",
                                "id": {
                                    "type": "Identifier",
                                    "value": "Prop2"
                                },
                                "value": {
                                    "type": "AssignmentExpression",
                                    "operator": ":",
                                    "value": {
                                        "type": "StringLiteral",
                                        "value": "CDplayer"
                                    }
                                }
                            },
                            {
                                "type": "AssignmentStatement",
                                "id": {
                                    "type": "Identifier",
                                    "value": "Sound"
                                },
                                "value": {
                                    "type": "AssignmentExpression",
                                    "operator": ":",
                                    "value": {
                                        "type": "StringLiteral",
                                        "value": "Dismantle"
                                    }
                                }
                            }
                        ]
                    }
                },
                {
                    "type": "ObjectStatement",
                    "category": {
                        "type": "Identifier",
                        "value": "recipe"
                    },
                    "id": {
                        "type": "Identifier",
                        "value": "Dismantle Two-way Radio"
                    },
                    "value": {
                        "type": "ObjectConstructorExpression",
                        "body": [
                            {
                                "type": "AssignmentStatement",
                                "id": {
                                    "type": "Identifier",
                                    "value": "__Items"
                                },
                                "value": {
                                    "type": "RecipeItemsExpression",
                                    "values": [
                                        "Radio.WalkieTalkie1",
                                        "Radio.WalkieTalkie2",
                                        "Radio.WalkieTalkie3",
                                        "Radio.WalkieTalkie4",
                                        "Radio.WalkieTalkie5"
                                    ]
                                }
                            },
                            {
                                "type": "AssignmentStatement",
                                "id": {
                                    "type": "Identifier",
                                    "value": "__Items"
                                },
                                "value": {
                                    "type": "RecipeItemsExpression",
                                    "values": [
                                        ","
                                    ]
                                }
                            },
                            {
                                "type": "AssignmentStatement",
                                "id": {
                                    "type": "Identifier",
                                    "value": "__Items"
                                },
                                "value": {
                                    "type": "RecipeItemsExpression",
                                    "values": [
                                        "keep"
                                    ]
                                }
                            },
                            {
                                "type": "AssignmentStatement",
                                "id": {
                                    "type": "Identifier",
                                    "value": "__Items"
                                },
                                "value": {
                                    "type": "RecipeItemsExpression",
                                    "values": [
                                        "[Recipe.GetItemTypes.Screwdriver]"
                                    ]
                                }
                            },
                            {
                                "type": "AssignmentStatement",
                                "id": {
                                    "type": "Identifier",
                                    "value": "__Items"
                                },
                                "value": {
                                    "type": "RecipeItemsExpression",
                                    "values": [
                                        ","
                                    ]
                                }
                            },
                            {
                                "type": "AssignmentStatement",
                                "id": {
                                    "type": "Identifier",
                                    "value": "NoBrokenItems"
                                },
                                "value": {
                                    "type": "AssignmentExpression",
                                    "operator": ":",
                                    "value": {
                                        "type": "BooleanLiteral",
                                        "value": true
                                    }
                                }
                            },
                            {
                                "type": "AssignmentStatement",
                                "id": {
                                    "type": "Identifier",
                                    "value": "Result"
                                },
                                "value": {
                                    "type": "AssignmentExpression",
                                    "operator": ":",
                                    "value": {
                                        "type": "StringLiteral",
                                        "value": "ElectronicsScrap"
                                    }
                                }
                            },
                            {
                                "type": "AssignmentStatement",
                                "id": {
                                    "type": "Identifier",
                                    "value": "Time"
                                },
                                "value": {
                                    "type": "AssignmentExpression",
                                    "operator": ":",
                                    "value": {
                                        "type": "NumericLiteral",
                                        "value": 30
                                    }
                                }
                            },
                            {
                                "type": "AssignmentStatement",
                                "id": {
                                    "type": "Identifier",
                                    "value": "OnTest"
                                },
                                "value": {
                                    "type": "AssignmentExpression",
                                    "operator": ":",
                                    "value": {
                                        "type": "StringLiteral",
                                        "value": "Recipe.OnTest.DismantleElectronics"
                                    }
                                }
                            },
                            {
                                "type": "AssignmentStatement",
                                "id": {
                                    "type": "Identifier",
                                    "value": "OnCreate"
                                },
                                "value": {
                                    "type": "AssignmentExpression",
                                    "operator": ":",
                                    "value": {
                                        "type": "StringLiteral",
                                        "value": "Recipe.OnCreate.DismantleRadioTwoWay"
                                    }
                                }
                            },
                            {
                                "type": "AssignmentStatement",
                                "id": {
                                    "type": "Identifier",
                                    "value": "OnGiveXP"
                                },
                                "value": {
                                    "type": "AssignmentExpression",
                                    "operator": ":",
                                    "value": {
                                        "type": "StringLiteral",
                                        "value": "Recipe.OnGiveXP.DismantleRadio"
                                    }
                                }
                            },
                            {
                                "type": "AssignmentStatement",
                                "id": {
                                    "type": "Identifier",
                                    "value": "Category"
                                },
                                "value": {
                                    "type": "AssignmentExpression",
                                    "operator": ":",
                                    "value": {
                                        "type": "StringLiteral",
                                        "value": "Electrical"
                                    }
                                }
                            },
                            {
                                "type": "AssignmentStatement",
                                "id": {
                                    "type": "Identifier",
                                    "value": "AnimNode"
                                },
                                "value": {
                                    "type": "AssignmentExpression",
                                    "operator": ":",
                                    "value": {
                                        "type": "StringLiteral",
                                        "value": "Disassemble"
                                    }
                                }
                            },
                            {
                                "type": "AssignmentStatement",
                                "id": {
                                    "type": "Identifier",
                                    "value": "Prop1"
                                },
                                "value": {
                                    "type": "AssignmentExpression",
                                    "operator": ":",
                                    "value": {
                                        "type": "StringLiteral",
                                        "value": "Screwdriver"
                                    }
                                }
                            },
                            {
                                "type": "AssignmentStatement",
                                "id": {
                                    "type": "Identifier",
                                    "value": "Prop2"
                                },
                                "value": {
                                    "type": "AssignmentExpression",
                                    "operator": ":",
                                    "value": {
                                        "type": "StringLiteral",
                                        "value": "CDplayer"
                                    }
                                }
                            },
                            {
                                "type": "AssignmentStatement",
                                "id": {
                                    "type": "Identifier",
                                    "value": "Sound"
                                },
                                "value": {
                                    "type": "AssignmentExpression",
                                    "operator": ":",
                                    "value": {
                                        "type": "StringLiteral",
                                        "value": "Dismantle"
                                    }
                                }
                            }
                        ]
                    }
                },
                {
                    "type": "ObjectStatement",
                    "category": {
                        "type": "Identifier",
                        "value": "recipe"
                    },
                    "id": {
                        "type": "Identifier",
                        "value": "Dismantle HAM Radio"
                    },
                    "value": {
                        "type": "ObjectConstructorExpression",
                        "body": [
                            {
                                "type": "AssignmentStatement",
                                "id": {
                                    "type": "Identifier",
                                    "value": "__Items"
                                },
                                "value": {
                                    "type": "RecipeItemsExpression",
                                    "values": [
                                        "Radio.HamRadio1",
                                        "Radio.HamRadio2"
                                    ]
                                }
                            },
                            {
                                "type": "AssignmentStatement",
                                "id": {
                                    "type": "Identifier",
                                    "value": "__Items"
                                },
                                "value": {
                                    "type": "RecipeItemsExpression",
                                    "values": [
                                        ","
                                    ]
                                }
                            },
                            {
                                "type": "AssignmentStatement",
                                "id": {
                                    "type": "Identifier",
                                    "value": "__Items"
                                },
                                "value": {
                                    "type": "RecipeItemsExpression",
                                    "values": [
                                        "keep"
                                    ]
                                }
                            },
                            {
                                "type": "AssignmentStatement",
                                "id": {
                                    "type": "Identifier",
                                    "value": "__Items"
                                },
                                "value": {
                                    "type": "RecipeItemsExpression",
                                    "values": [
                                        "[Recipe.GetItemTypes.Screwdriver]"
                                    ]
                                }
                            },
                            {
                                "type": "AssignmentStatement",
                                "id": {
                                    "type": "Identifier",
                                    "value": "__Items"
                                },
                                "value": {
                                    "type": "RecipeItemsExpression",
                                    "values": [
                                        ","
                                    ]
                                }
                            },
                            {
                                "type": "AssignmentStatement",
                                "id": {
                                    "type": "Identifier",
                                    "value": "NoBrokenItems"
                                },
                                "value": {
                                    "type": "AssignmentExpression",
                                    "operator": ":",
                                    "value": {
                                        "type": "BooleanLiteral",
                                        "value": true
                                    }
                                }
                            },
                            {
                                "type": "AssignmentStatement",
                                "id": {
                                    "type": "Identifier",
                                    "value": "Result"
                                },
                                "value": {
                                    "type": "AssignmentExpression",
                                    "operator": ":",
                                    "value": {
                                        "type": "StringLiteral",
                                        "value": "ElectronicsScrap"
                                    }
                                }
                            },
                            {
                                "type": "AssignmentStatement",
                                "id": {
                                    "type": "Identifier",
                                    "value": "Time"
                                },
                                "value": {
                                    "type": "AssignmentExpression",
                                    "operator": ":",
                                    "value": {
                                        "type": "NumericLiteral",
                                        "value": 30
                                    }
                                }
                            },
                            {
                                "type": "AssignmentStatement",
                                "id": {
                                    "type": "Identifier",
                                    "value": "OnTest"
                                },
                                "value": {
                                    "type": "AssignmentExpression",
                                    "operator": ":",
                                    "value": {
                                        "type": "StringLiteral",
                                        "value": "Recipe.OnTest.DismantleElectronics"
                                    }
                                }
                            },
                            {
                                "type": "AssignmentStatement",
                                "id": {
                                    "type": "Identifier",
                                    "value": "OnCreate"
                                },
                                "value": {
                                    "type": "AssignmentExpression",
                                    "operator": ":",
                                    "value": {
                                        "type": "StringLiteral",
                                        "value": "Recipe.OnCreate.DismantleRadioHAM"
                                    }
                                }
                            },
                            {
                                "type": "AssignmentStatement",
                                "id": {
                                    "type": "Identifier",
                                    "value": "OnGiveXP"
                                },
                                "value": {
                                    "type": "AssignmentExpression",
                                    "operator": ":",
                                    "value": {
                                        "type": "StringLiteral",
                                        "value": "Recipe.OnGiveXP.DismantleRadio"
                                    }
                                }
                            },
                            {
                                "type": "AssignmentStatement",
                                "id": {
                                    "type": "Identifier",
                                    "value": "Category"
                                },
                                "value": {
                                    "type": "AssignmentExpression",
                                    "operator": ":",
                                    "value": {
                                        "type": "StringLiteral",
                                        "value": "Electrical"
                                    }
                                }
                            },
                            {
                                "type": "AssignmentStatement",
                                "id": {
                                    "type": "Identifier",
                                    "value": "AnimNode"
                                },
                                "value": {
                                    "type": "AssignmentExpression",
                                    "operator": ":",
                                    "value": {
                                        "type": "StringLiteral",
                                        "value": "Disassemble"
                                    }
                                }
                            },
                            {
                                "type": "AssignmentStatement",
                                "id": {
                                    "type": "Identifier",
                                    "value": "Prop1"
                                },
                                "value": {
                                    "type": "AssignmentExpression",
                                    "operator": ":",
                                    "value": {
                                        "type": "StringLiteral",
                                        "value": "Screwdriver"
                                    }
                                }
                            },
                            {
                                "type": "AssignmentStatement",
                                "id": {
                                    "type": "Identifier",
                                    "value": "Prop2"
                                },
                                "value": {
                                    "type": "AssignmentExpression",
                                    "operator": ":",
                                    "value": {
                                        "type": "StringLiteral",
                                        "value": "CDplayer"
                                    }
                                }
                            },
                            {
                                "type": "AssignmentStatement",
                                "id": {
                                    "type": "Identifier",
                                    "value": "Sound"
                                },
                                "value": {
                                    "type": "AssignmentExpression",
                                    "operator": ":",
                                    "value": {
                                        "type": "StringLiteral",
                                        "value": "Dismantle"
                                    }
                                }
                            }
                        ]
                    }
                },
                {
                    "type": "ObjectStatement",
                    "category": {
                        "type": "Identifier",
                        "value": "recipe"
                    },
                    "id": {
                        "type": "Identifier",
                        "value": "Dismantle Television"
                    },
                    "value": {
                        "type": "ObjectConstructorExpression",
                        "body": [
                            {
                                "type": "AssignmentStatement",
                                "id": {
                                    "type": "Identifier",
                                    "value": "__Items"
                                },
                                "value": {
                                    "type": "RecipeItemsExpression",
                                    "values": [
                                        "Radio.TvAntique",
                                        "Radio.TvWideScreen",
                                        "Radio.TvBlack"
                                    ]
                                }
                            },
                            {
                                "type": "AssignmentStatement",
                                "id": {
                                    "type": "Identifier",
                                    "value": "__Items"
                                },
                                "value": {
                                    "type": "RecipeItemsExpression",
                                    "values": [
                                        ","
                                    ]
                                }
                            },
                            {
                                "type": "AssignmentStatement",
                                "id": {
                                    "type": "Identifier",
                                    "value": "__Items"
                                },
                                "value": {
                                    "type": "RecipeItemsExpression",
                                    "values": [
                                        "keep"
                                    ]
                                }
                            },
                            {
                                "type": "AssignmentStatement",
                                "id": {
                                    "type": "Identifier",
                                    "value": "__Items"
                                },
                                "value": {
                                    "type": "RecipeItemsExpression",
                                    "values": [
                                        "[Recipe.GetItemTypes.Screwdriver]"
                                    ]
                                }
                            },
                            {
                                "type": "AssignmentStatement",
                                "id": {
                                    "type": "Identifier",
                                    "value": "__Items"
                                },
                                "value": {
                                    "type": "RecipeItemsExpression",
                                    "values": [
                                        ","
                                    ]
                                }
                            },
                            {
                                "type": "AssignmentStatement",
                                "id": {
                                    "type": "Identifier",
                                    "value": "NoBrokenItems"
                                },
                                "value": {
                                    "type": "AssignmentExpression",
                                    "operator": ":",
                                    "value": {
                                        "type": "BooleanLiteral",
                                        "value": true
                                    }
                                }
                            },
                            {
                                "type": "AssignmentStatement",
                                "id": {
                                    "type": "Identifier",
                                    "value": "Result"
                                },
                                "value": {
                                    "type": "AssignmentExpression",
                                    "operator": ":",
                                    "value": {
                                        "type": "StringLiteral",
                                        "value": "ElectronicsScrap"
                                    }
                                }
                            },
                            {
                                "type": "AssignmentStatement",
                                "id": {
                                    "type": "Identifier",
                                    "value": "Time"
                                },
                                "value": {
                                    "type": "AssignmentExpression",
                                    "operator": ":",
                                    "value": {
                                        "type": "NumericLiteral",
                                        "value": 30
                                    }
                                }
                            },
                            {
                                "type": "AssignmentStatement",
                                "id": {
                                    "type": "Identifier",
                                    "value": "OnTest"
                                },
                                "value": {
                                    "type": "AssignmentExpression",
                                    "operator": ":",
                                    "value": {
                                        "type": "StringLiteral",
                                        "value": "Recipe.OnTest.DismantleElectronics"
                                    }
                                }
                            },
                            {
                                "type": "AssignmentStatement",
                                "id": {
                                    "type": "Identifier",
                                    "value": "OnCreate"
                                },
                                "value": {
                                    "type": "AssignmentExpression",
                                    "operator": ":",
                                    "value": {
                                        "type": "StringLiteral",
                                        "value": "Recipe.OnCreate.DismantleRadioTV"
                                    }
                                }
                            },
                            {
                                "type": "AssignmentStatement",
                                "id": {
                                    "type": "Identifier",
                                    "value": "OnGiveXP"
                                },
                                "value": {
                                    "type": "AssignmentExpression",
                                    "operator": ":",
                                    "value": {
                                        "type": "StringLiteral",
                                        "value": "Recipe.OnGiveXP.DismantleRadio"
                                    }
                                }
                            },
                            {
                                "type": "AssignmentStatement",
                                "id": {
                                    "type": "Identifier",
                                    "value": "Category"
                                },
                                "value": {
                                    "type": "AssignmentExpression",
                                    "operator": ":",
                                    "value": {
                                        "type": "StringLiteral",
                                        "value": "Electrical"
                                    }
                                }
                            },
                            {
                                "type": "AssignmentStatement",
                                "id": {
                                    "type": "Identifier",
                                    "value": "AnimNode"
                                },
                                "value": {
                                    "type": "AssignmentExpression",
                                    "operator": ":",
                                    "value": {
                                        "type": "StringLiteral",
                                        "value": "Disassemble"
                                    }
                                }
                            },
                            {
                                "type": "AssignmentStatement",
                                "id": {
                                    "type": "Identifier",
                                    "value": "Prop1"
                                },
                                "value": {
                                    "type": "AssignmentExpression",
                                    "operator": ":",
                                    "value": {
                                        "type": "StringLiteral",
                                        "value": "Screwdriver"
                                    }
                                }
                            },
                            {
                                "type": "AssignmentStatement",
                                "id": {
                                    "type": "Identifier",
                                    "value": "Prop2"
                                },
                                "value": {
                                    "type": "AssignmentExpression",
                                    "operator": ":",
                                    "value": {
                                        "type": "StringLiteral",
                                        "value": "CDplayer"
                                    }
                                }
                            },
                            {
                                "type": "AssignmentStatement",
                                "id": {
                                    "type": "Identifier",
                                    "value": "Sound"
                                },
                                "value": {
                                    "type": "AssignmentExpression",
                                    "operator": ":",
                                    "value": {
                                        "type": "StringLiteral",
                                        "value": "Dismantle"
                                    }
                                }
                            }
                        ]
                    }
                },
                {
                    "type": "ObjectStatement",
                    "category": {
                        "type": "Identifier",
                        "value": "recipe"
                    },
                    "id": {
                        "type": "Identifier",
                        "value": "Craft Makeshift Radio"
                    },
                    "value": {
                        "type": "ObjectConstructorExpression",
                        "body": [
                            {
                                "type": "AssignmentStatement",
                                "id": {
                                    "type": "Identifier",
                                    "value": "ElectronicsScrap"
                                },
                                "value": {
                                    "type": "AssignmentExpression",
                                    "operator": "=",
                                    "value": {
                                        "type": "NumericLiteral",
                                        "value": 2
                                    }
                                }
                            },
                            {
                                "type": "AssignmentStatement",
                                "id": {
                                    "type": "Identifier",
                                    "value": "__Items"
                                },
                                "value": {
                                    "type": "RecipeItemsExpression",
                                    "values": [
                                        "Amplifier"
                                    ]
                                }
                            },
                            {
                                "type": "AssignmentStatement",
                                "id": {
                                    "type": "Identifier",
                                    "value": "__Items"
                                },
                                "value": {
                                    "type": "RecipeItemsExpression",
                                    "values": [
                                        ","
                                    ]
                                }
                            },
                            {
                                "type": "AssignmentStatement",
                                "id": {
                                    "type": "Identifier",
                                    "value": "__Items"
                                },
                                "value": {
                                    "type": "RecipeItemsExpression",
                                    "values": [
                                        "LightBulb"
                                    ]
                                }
                            },
                            {
                                "type": "AssignmentStatement",
                                "id": {
                                    "type": "Identifier",
                                    "value": "__Items"
                                },
                                "value": {
                                    "type": "RecipeItemsExpression",
                                    "values": [
                                        ","
                                    ]
                                }
                            },
                            {
                                "type": "AssignmentStatement",
                                "id": {
                                    "type": "Identifier",
                                    "value": "__Items"
                                },
                                "value": {
                                    "type": "RecipeItemsExpression",
                                    "values": [
                                        "Radio.RadioReceiver"
                                    ]
                                }
                            },
                            {
                                "type": "AssignmentStatement",
                                "id": {
                                    "type": "Identifier",
                                    "value": "__Items"
                                },
                                "value": {
                                    "type": "RecipeItemsExpression",
                                    "values": [
                                        ","
                                    ]
                                }
                            },
                            {
                                "type": "AssignmentStatement",
                                "id": {
                                    "type": "Identifier",
                                    "value": "__Items"
                                },
                                "value": {
                                    "type": "RecipeItemsExpression",
                                    "values": [
                                        "Radio.ElectricWire"
                                    ]
                                }
                            },
                            {
                                "type": "AssignmentStatement",
                                "id": {
                                    "type": "Identifier",
                                    "value": "__Items"
                                },
                                "value": {
                                    "type": "RecipeItemsExpression",
                                    "values": [
                                        ","
                                    ]
                                }
                            },
                            {
                                "type": "AssignmentStatement",
                                "id": {
                                    "type": "Identifier",
                                    "value": "Aluminum"
                                },
                                "value": {
                                    "type": "AssignmentExpression",
                                    "operator": "=",
                                    "value": {
                                        "type": "NumericLiteral",
                                        "value": 2
                                    }
                                }
                            },
                            {
                                "type": "AssignmentStatement",
                                "id": {
                                    "type": "Identifier",
                                    "value": "__Items"
                                },
                                "value": {
                                    "type": "RecipeItemsExpression",
                                    "values": [
                                        "keep"
                                    ]
                                }
                            },
                            {
                                "type": "AssignmentStatement",
                                "id": {
                                    "type": "Identifier",
                                    "value": "__Items"
                                },
                                "value": {
                                    "type": "RecipeItemsExpression",
                                    "values": [
                                        "[Recipe.GetItemTypes.Screwdriver]"
                                    ]
                                }
                            },
                            {
                                "type": "AssignmentStatement",
                                "id": {
                                    "type": "Identifier",
                                    "value": "__Items"
                                },
                                "value": {
                                    "type": "RecipeItemsExpression",
                                    "values": [
                                        ","
                                    ]
                                }
                            },
                            {
                                "type": "AssignmentStatement",
                                "id": {
                                    "type": "Identifier",
                                    "value": "NoBrokenItems"
                                },
                                "value": {
                                    "type": "AssignmentExpression",
                                    "operator": ":",
                                    "value": {
                                        "type": "BooleanLiteral",
                                        "value": true
                                    }
                                }
                            },
                            {
                                "type": "AssignmentStatement",
                                "id": {
                                    "type": "Identifier",
                                    "value": "Result"
                                },
                                "value": {
                                    "type": "AssignmentExpression",
                                    "operator": ":",
                                    "value": {
                                        "type": "StringLiteral",
                                        "value": "Radio.RadioMakeShift"
                                    }
                                }
                            },
                            {
                                "type": "AssignmentStatement",
                                "id": {
                                    "type": "Identifier",
                                    "value": "SkillRequired"
                                },
                                "value": {
                                    "type": "AssignmentExpression",
                                    "operator": ":",
                                    "value": {
                                        "type": "StringLiteral",
                                        "value": "Electricity = 1"
                                    }
                                }
                            },
                            {
                                "type": "AssignmentStatement",
                                "id": {
                                    "type": "Identifier",
                                    "value": "NeedToBeLearn"
                                },
                                "value": {
                                    "type": "AssignmentExpression",
                                    "operator": ":",
                                    "value": {
                                        "type": "BooleanLiteral",
                                        "value": true
                                    }
                                }
                            },
                            {
                                "type": "AssignmentStatement",
                                "id": {
                                    "type": "Identifier",
                                    "value": "Time"
                                },
                                "value": {
                                    "type": "AssignmentExpression",
                                    "operator": ":",
                                    "value": {
                                        "type": "NumericLiteral",
                                        "value": 100
                                    }
                                }
                            },
                            {
                                "type": "AssignmentStatement",
                                "id": {
                                    "type": "Identifier",
                                    "value": "OnCreate"
                                },
                                "value": {
                                    "type": "AssignmentExpression",
                                    "operator": ":",
                                    "value": {
                                        "type": "StringLiteral",
                                        "value": "Recipe.OnCreate.RadioCraft"
                                    }
                                }
                            },
                            {
                                "type": "AssignmentStatement",
                                "id": {
                                    "type": "Identifier",
                                    "value": "OnGiveXP"
                                },
                                "value": {
                                    "type": "AssignmentExpression",
                                    "operator": ":",
                                    "value": {
                                        "type": "StringLiteral",
                                        "value": "Recipe.OnGiveXP.RadioCraft"
                                    }
                                }
                            },
                            {
                                "type": "AssignmentStatement",
                                "id": {
                                    "type": "Identifier",
                                    "value": "Category"
                                },
                                "value": {
                                    "type": "AssignmentExpression",
                                    "operator": ":",
                                    "value": {
                                        "type": "StringLiteral",
                                        "value": "Electrical"
                                    }
                                }
                            }
                        ]
                    }
                },
                {
                    "type": "ObjectStatement",
                    "category": {
                        "type": "Identifier",
                        "value": "recipe"
                    },
                    "id": {
                        "type": "Identifier",
                        "value": "Craft Makeshift HAM Radio"
                    },
                    "value": {
                        "type": "ObjectConstructorExpression",
                        "body": [
                            {
                                "type": "AssignmentStatement",
                                "id": {
                                    "type": "Identifier",
                                    "value": "ElectronicsScrap"
                                },
                                "value": {
                                    "type": "AssignmentExpression",
                                    "operator": "=",
                                    "value": {
                                        "type": "NumericLiteral",
                                        "value": 4
                                    }
                                }
                            },
                            {
                                "type": "AssignmentStatement",
                                "id": {
                                    "type": "Identifier",
                                    "value": "__Items"
                                },
                                "value": {
                                    "type": "RecipeItemsExpression",
                                    "values": [
                                        "Amplifier"
                                    ]
                                }
                            },
                            {
                                "type": "AssignmentStatement",
                                "id": {
                                    "type": "Identifier",
                                    "value": "__Items"
                                },
                                "value": {
                                    "type": "RecipeItemsExpression",
                                    "values": [
                                        ","
                                    ]
                                }
                            },
                            {
                                "type": "AssignmentStatement",
                                "id": {
                                    "type": "Identifier",
                                    "value": "__Items"
                                },
                                "value": {
                                    "type": "RecipeItemsExpression",
                                    "values": [
                                        "LightBulb"
                                    ]
                                }
                            },
                            {
                                "type": "AssignmentStatement",
                                "id": {
                                    "type": "Identifier",
                                    "value": "__Items"
                                },
                                "value": {
                                    "type": "RecipeItemsExpression",
                                    "values": [
                                        ","
                                    ]
                                }
                            },
                            {
                                "type": "AssignmentStatement",
                                "id": {
                                    "type": "Identifier",
                                    "value": "__Items"
                                },
                                "value": {
                                    "type": "RecipeItemsExpression",
                                    "values": [
                                        "LightBulbGreen"
                                    ]
                                }
                            },
                            {
                                "type": "AssignmentStatement",
                                "id": {
                                    "type": "Identifier",
                                    "value": "__Items"
                                },
                                "value": {
                                    "type": "RecipeItemsExpression",
                                    "values": [
                                        ","
                                    ]
                                }
                            },
                            {
                                "type": "AssignmentStatement",
                                "id": {
                                    "type": "Identifier",
                                    "value": "__Items"
                                },
                                "value": {
                                    "type": "RecipeItemsExpression",
                                    "values": [
                                        "Radio.RadioReceiver"
                                    ]
                                }
                            },
                            {
                                "type": "AssignmentStatement",
                                "id": {
                                    "type": "Identifier",
                                    "value": "__Items"
                                },
                                "value": {
                                    "type": "RecipeItemsExpression",
                                    "values": [
                                        ","
                                    ]
                                }
                            },
                            {
                                "type": "AssignmentStatement",
                                "id": {
                                    "type": "Identifier",
                                    "value": "__Items"
                                },
                                "value": {
                                    "type": "RecipeItemsExpression",
                                    "values": [
                                        "Radio.RadioTransmitter"
                                    ]
                                }
                            },
                            {
                                "type": "AssignmentStatement",
                                "id": {
                                    "type": "Identifier",
                                    "value": "__Items"
                                },
                                "value": {
                                    "type": "RecipeItemsExpression",
                                    "values": [
                                        ","
                                    ]
                                }
                            },
                            {
                                "type": "AssignmentStatement",
                                "id": {
                                    "type": "Identifier",
                                    "value": "Radio.ElectricWire"
                                },
                                "value": {
                                    "type": "AssignmentExpression",
                                    "operator": "=",
                                    "value": {
                                        "type": "NumericLiteral",
                                        "value": 3
                                    }
                                }
                            },
                            {
                                "type": "AssignmentStatement",
                                "id": {
                                    "type": "Identifier",
                                    "value": "Aluminum"
                                },
                                "value": {
                                    "type": "AssignmentExpression",
                                    "operator": "=",
                                    "value": {
                                        "type": "NumericLiteral",
                                        "value": 4
                                    }
                                }
                            },
                            {
                                "type": "AssignmentStatement",
                                "id": {
                                    "type": "Identifier",
                                    "value": "__Items"
                                },
                                "value": {
                                    "type": "RecipeItemsExpression",
                                    "values": [
                                        "keep"
                                    ]
                                }
                            },
                            {
                                "type": "AssignmentStatement",
                                "id": {
                                    "type": "Identifier",
                                    "value": "__Items"
                                },
                                "value": {
                                    "type": "RecipeItemsExpression",
                                    "values": [
                                        "[Recipe.GetItemTypes.Screwdriver]"
                                    ]
                                }
                            },
                            {
                                "type": "AssignmentStatement",
                                "id": {
                                    "type": "Identifier",
                                    "value": "__Items"
                                },
                                "value": {
                                    "type": "RecipeItemsExpression",
                                    "values": [
                                        ","
                                    ]
                                }
                            },
                            {
                                "type": "AssignmentStatement",
                                "id": {
                                    "type": "Identifier",
                                    "value": "NoBrokenItems"
                                },
                                "value": {
                                    "type": "AssignmentExpression",
                                    "operator": ":",
                                    "value": {
                                        "type": "BooleanLiteral",
                                        "value": true
                                    }
                                }
                            },
                            {
                                "type": "AssignmentStatement",
                                "id": {
                                    "type": "Identifier",
                                    "value": "Result"
                                },
                                "value": {
                                    "type": "AssignmentExpression",
                                    "operator": ":",
                                    "value": {
                                        "type": "StringLiteral",
                                        "value": "Radio.HamRadioMakeShift"
                                    }
                                }
                            },
                            {
                                "type": "AssignmentStatement",
                                "id": {
                                    "type": "Identifier",
                                    "value": "SkillRequired"
                                },
                                "value": {
                                    "type": "AssignmentExpression",
                                    "operator": ":",
                                    "value": {
                                        "type": "StringLiteral",
                                        "value": "Electricity = 1"
                                    }
                                }
                            },
                            {
                                "type": "AssignmentStatement",
                                "id": {
                                    "type": "Identifier",
                                    "value": "NeedToBeLearn"
                                },
                                "value": {
                                    "type": "AssignmentExpression",
                                    "operator": ":",
                                    "value": {
                                        "type": "BooleanLiteral",
                                        "value": true
                                    }
                                }
                            },
                            {
                                "type": "AssignmentStatement",
                                "id": {
                                    "type": "Identifier",
                                    "value": "Time"
                                },
                                "value": {
                                    "type": "AssignmentExpression",
                                    "operator": ":",
                                    "value": {
                                        "type": "NumericLiteral",
                                        "value": 100
                                    }
                                }
                            },
                            {
                                "type": "AssignmentStatement",
                                "id": {
                                    "type": "Identifier",
                                    "value": "OnCreate"
                                },
                                "value": {
                                    "type": "AssignmentExpression",
                                    "operator": ":",
                                    "value": {
                                        "type": "StringLiteral",
                                        "value": "Recipe.OnCreate.RadioCraft"
                                    }
                                }
                            },
                            {
                                "type": "AssignmentStatement",
                                "id": {
                                    "type": "Identifier",
                                    "value": "OnGiveXP"
                                },
                                "value": {
                                    "type": "AssignmentExpression",
                                    "operator": ":",
                                    "value": {
                                        "type": "StringLiteral",
                                        "value": "Recipe.OnGiveXP.RadioCraft"
                                    }
                                }
                            },
                            {
                                "type": "AssignmentStatement",
                                "id": {
                                    "type": "Identifier",
                                    "value": "Category"
                                },
                                "value": {
                                    "type": "AssignmentExpression",
                                    "operator": ":",
                                    "value": {
                                        "type": "StringLiteral",
                                        "value": "Electrical"
                                    }
                                }
                            }
                        ]
                    }
                },
                {
                    "type": "ObjectStatement",
                    "category": {
                        "type": "Identifier",
                        "value": "recipe"
                    },
                    "id": {
                        "type": "Identifier",
                        "value": "Craft Makeshift Walkie Talkie"
                    },
                    "value": {
                        "type": "ObjectConstructorExpression",
                        "body": [
                            {
                                "type": "AssignmentStatement",
                                "id": {
                                    "type": "Identifier",
                                    "value": "ElectronicsScrap"
                                },
                                "value": {
                                    "type": "AssignmentExpression",
                                    "operator": "=",
                                    "value": {
                                        "type": "NumericLiteral",
                                        "value": 3
                                    }
                                }
                            },
                            {
                                "type": "AssignmentStatement",
                                "id": {
                                    "type": "Identifier",
                                    "value": "__Items"
                                },
                                "value": {
                                    "type": "RecipeItemsExpression",
                                    "values": [
                                        "Amplifier"
                                    ]
                                }
                            },
                            {
                                "type": "AssignmentStatement",
                                "id": {
                                    "type": "Identifier",
                                    "value": "__Items"
                                },
                                "value": {
                                    "type": "RecipeItemsExpression",
                                    "values": [
                                        ","
                                    ]
                                }
                            },
                            {
                                "type": "AssignmentStatement",
                                "id": {
                                    "type": "Identifier",
                                    "value": "__Items"
                                },
                                "value": {
                                    "type": "RecipeItemsExpression",
                                    "values": [
                                        "LightBulb"
                                    ]
                                }
                            },
                            {
                                "type": "AssignmentStatement",
                                "id": {
                                    "type": "Identifier",
                                    "value": "__Items"
                                },
                                "value": {
                                    "type": "RecipeItemsExpression",
                                    "values": [
                                        ","
                                    ]
                                }
                            },
                            {
                                "type": "AssignmentStatement",
                                "id": {
                                    "type": "Identifier",
                                    "value": "__Items"
                                },
                                "value": {
                                    "type": "RecipeItemsExpression",
                                    "values": [
                                        "LightBulbGreen"
                                    ]
                                }
                            },
                            {
                                "type": "AssignmentStatement",
                                "id": {
                                    "type": "Identifier",
                                    "value": "__Items"
                                },
                                "value": {
                                    "type": "RecipeItemsExpression",
                                    "values": [
                                        ","
                                    ]
                                }
                            },
                            {
                                "type": "AssignmentStatement",
                                "id": {
                                    "type": "Identifier",
                                    "value": "__Items"
                                },
                                "value": {
                                    "type": "RecipeItemsExpression",
                                    "values": [
                                        "Radio.RadioReceiver"
                                    ]
                                }
                            },
                            {
                                "type": "AssignmentStatement",
                                "id": {
                                    "type": "Identifier",
                                    "value": "__Items"
                                },
                                "value": {
                                    "type": "RecipeItemsExpression",
                                    "values": [
                                        ","
                                    ]
                                }
                            },
                            {
                                "type": "AssignmentStatement",
                                "id": {
                                    "type": "Identifier",
                                    "value": "__Items"
                                },
                                "value": {
                                    "type": "RecipeItemsExpression",
                                    "values": [
                                        "Radio.RadioTransmitter"
                                    ]
                                }
                            },
                            {
                                "type": "AssignmentStatement",
                                "id": {
                                    "type": "Identifier",
                                    "value": "__Items"
                                },
                                "value": {
                                    "type": "RecipeItemsExpression",
                                    "values": [
                                        ","
                                    ]
                                }
                            },
                            {
                                "type": "AssignmentStatement",
                                "id": {
                                    "type": "Identifier",
                                    "value": "Radio.ElectricWire"
                                },
                                "value": {
                                    "type": "AssignmentExpression",
                                    "operator": "=",
                                    "value": {
                                        "type": "NumericLiteral",
                                        "value": 2
                                    }
                                }
                            },
                            {
                                "type": "AssignmentStatement",
                                "id": {
                                    "type": "Identifier",
                                    "value": "Aluminum"
                                },
                                "value": {
                                    "type": "AssignmentExpression",
                                    "operator": "=",
                                    "value": {
                                        "type": "NumericLiteral",
                                        "value": 3
                                    }
                                }
                            },
                            {
                                "type": "AssignmentStatement",
                                "id": {
                                    "type": "Identifier",
                                    "value": "__Items"
                                },
                                "value": {
                                    "type": "RecipeItemsExpression",
                                    "values": [
                                        "keep"
                                    ]
                                }
                            },
                            {
                                "type": "AssignmentStatement",
                                "id": {
                                    "type": "Identifier",
                                    "value": "__Items"
                                },
                                "value": {
                                    "type": "RecipeItemsExpression",
                                    "values": [
                                        "[Recipe.GetItemTypes.Screwdriver]"
                                    ]
                                }
                            },
                            {
                                "type": "AssignmentStatement",
                                "id": {
                                    "type": "Identifier",
                                    "value": "__Items"
                                },
                                "value": {
                                    "type": "RecipeItemsExpression",
                                    "values": [
                                        ","
                                    ]
                                }
                            },
                            {
                                "type": "AssignmentStatement",
                                "id": {
                                    "type": "Identifier",
                                    "value": "NoBrokenItems"
                                },
                                "value": {
                                    "type": "AssignmentExpression",
                                    "operator": ":",
                                    "value": {
                                        "type": "BooleanLiteral",
                                        "value": true
                                    }
                                }
                            },
                            {
                                "type": "AssignmentStatement",
                                "id": {
                                    "type": "Identifier",
                                    "value": "Result"
                                },
                                "value": {
                                    "type": "AssignmentExpression",
                                    "operator": ":",
                                    "value": {
                                        "type": "StringLiteral",
                                        "value": "Radio.WalkieTalkieMakeShift"
                                    }
                                }
                            },
                            {
                                "type": "AssignmentStatement",
                                "id": {
                                    "type": "Identifier",
                                    "value": "SkillRequired"
                                },
                                "value": {
                                    "type": "AssignmentExpression",
                                    "operator": ":",
                                    "value": {
                                        "type": "StringLiteral",
                                        "value": "Electricity = 1"
                                    }
                                }
                            },
                            {
                                "type": "AssignmentStatement",
                                "id": {
                                    "type": "Identifier",
                                    "value": "NeedToBeLearn"
                                },
                                "value": {
                                    "type": "AssignmentExpression",
                                    "operator": ":",
                                    "value": {
                                        "type": "BooleanLiteral",
                                        "value": true
                                    }
                                }
                            },
                            {
                                "type": "AssignmentStatement",
                                "id": {
                                    "type": "Identifier",
                                    "value": "Time"
                                },
                                "value": {
                                    "type": "AssignmentExpression",
                                    "operator": ":",
                                    "value": {
                                        "type": "NumericLiteral",
                                        "value": 100
                                    }
                                }
                            },
                            {
                                "type": "AssignmentStatement",
                                "id": {
                                    "type": "Identifier",
                                    "value": "OnCreate"
                                },
                                "value": {
                                    "type": "AssignmentExpression",
                                    "operator": ":",
                                    "value": {
                                        "type": "StringLiteral",
                                        "value": "Recipe.OnCreate.RadioCraft"
                                    }
                                }
                            },
                            {
                                "type": "AssignmentStatement",
                                "id": {
                                    "type": "Identifier",
                                    "value": "OnGiveXP"
                                },
                                "value": {
                                    "type": "AssignmentExpression",
                                    "operator": ":",
                                    "value": {
                                        "type": "StringLiteral",
                                        "value": "Recipe.OnGiveXP.RadioCraft"
                                    }
                                }
                            },
                            {
                                "type": "AssignmentStatement",
                                "id": {
                                    "type": "Identifier",
                                    "value": "Category"
                                },
                                "value": {
                                    "type": "AssignmentExpression",
                                    "operator": ":",
                                    "value": {
                                        "type": "StringLiteral",
                                        "value": "Electrical"
                                    }
                                }
                            }
                        ]
                    }
                }
            ]
        }
    }
]