[
    {
        "type": "AssignmentStatement",
        "id": {
            "type": "Identifier",
            "value": "Base"
        },
        "value": {
            "type": "ModuleConstructorExpression",
            "body": [
                {
                    "type": "ObjectStatement",
                    "category": {
                        "type": "Identifier",
                        "value": "uniquerecipe"
                    },
                    "id": {
                        "type": "Identifier",
                        "value": "Tomato Soup"
                    },
                    "value": {
                        "type": "ObjectConstructorExpression",
                        "body": [
                            {
                                "type": "AssignmentStatement",
                                "id": {
                                    "type": "Identifier",
                                    "value": "BaseRecipeItem"
                                },
                                "value": {
                                    "type": "AssignmentExpression",
                                    "operator": ":",
                                    "value": {
                                        "type": "StringLiteral",
                                        "value": "PotOfSoup"
                                    }
                                }
                            },
                            {
                                "type": "AssignmentStatement",
                                "id": {
                                    "type": "Identifier",
                                    "value": "Item"
                                },
                                "value": {
                                    "type": "AssignmentExpression",
                                    "operator": ":",
                                    "value": {
                                        "type": "StringLiteral",
                                        "value": "farming.Tomato"
                                    }
                                }
                            },
                            {
                                "type": "AssignmentStatement",
                                "id": {
                                    "type": "Identifier",
                                    "value": "Item"
                                },
                                "value": {
                                    "type": "AssignmentExpression",
                                    "operator": ":",
                                    "value": {
                                        "type": "StringLiteral",
                                        "value": "farming.Tomato"
                                    }
                                }
                            },
                            {
                                "type": "AssignmentStatement",
                                "id": {
                                    "type": "Identifier",
                                    "value": "Item"
                                },
                                "value": {
                                    "type": "AssignmentExpression",
                                    "operator": ":",
                                    "value": {
                                        "type": "StringLiteral",
                                        "value": "farming.Tomato"
                                    }
                                }
                            },
                            {
                                "type": "AssignmentStatement",
                                "id": {
                                    "type": "Identifier",
                                    "value": "Item"
                                },
                                "value": {
                                    "type": "AssignmentExpression",
                                    "operator": ":",
                                    "value": {
                                        "type": "StringLiteral",
                                        "value": "farming.Tomato"
                                    }
                                }
                            },
                            {
                                "type": "AssignmentStatement",
                                "id": {
                                    "type": "Identifier",
                                    "value": "Hapiness"
                                },
                                "value": {
                                    "type": "AssignmentExpression",
                                    "operator": ":",
                                    "value": {
                                        "type": "NumericLiteral",
                                        "value": 15
                                    }
                                }
                            },
                            {
                                "type": "AssignmentStatement",
                                "id": {
                                    "type": "Identifier",
                                    "value": "Boredom"
                                },
                                "value": {
                                    "type": "AssignmentExpression",
                                    "operator": ":",
                                    "value": {
                                        "type": "NumericLiteral",
                                        "value": 15
                                    }
                                }
                            }
                        ]
                    }
                },
                {
                    "type": "ObjectStatement",
                    "category": {
                        "type": "Identifier",
                        "value": "uniquerecipe"
                    },
                    "id": {
                        "type": "Identifier",
                        "value": "This Cake is a Lie"
                    },
                    "value": {
                        "type": "ObjectConstructorExpression",
                        "body": [
                            {
                                "type": "AssignmentStatement",
                                "id": {
                                    "type": "Identifier",
                                    "value": "BaseRecipeItem"
                                },
                                "value": {
                                    "type": "AssignmentExpression",
                                    "operator": ":",
                                    "value": {
                                        "type": "StringLiteral",
                                        "value": "CakeRaw"
                                    }
                                }
                            },
                            {
                                "type": "AssignmentStatement",
                                "id": {
                                    "type": "Identifier",
                                    "value": "Item"
                                },
                                "value": {
                                    "type": "AssignmentExpression",
                                    "operator": ":",
                                    "value": {
                                        "type": "StringLiteral",
                                        "value": "Base.Orange"
                                    }
                                }
                            },
                            {
                                "type": "AssignmentStatement",
                                "id": {
                                    "type": "Identifier",
                                    "value": "Item"
                                },
                                "value": {
                                    "type": "AssignmentExpression",
                                    "operator": ":",
                                    "value": {
                                        "type": "StringLiteral",
                                        "value": "Base.BerryBlue"
                                    }
                                }
                            }
                        ]
                    }
                }
            ]
        }
    }
]