[
    {
        "type": "AssignmentStatement",
        "id": {
            "type": "Identifier",
            "value": "Base"
        },
        "value": {
            "type": "ModuleConstructorExpression",
            "body": [
                {
                    "type": "ObjectStatement",
                    "category": {
                        "type": "Identifier",
                        "value": "sound"
                    },
                    "id": {
                        "type": "Identifier",
                        "value": "MagnumShoot"
                    },
                    "value": {
                        "type": "ObjectConstructorExpression",
                        "body": [
                            {
                                "type": "AssignmentStatement",
                                "id": {
                                    "type": "Identifier",
                                    "value": "category"
                                },
                                "value": {
                                    "type": "AssignmentExpression",
                                    "operator": "=",
                                    "value": {
                                        "type": "StringLiteral",
                                        "value": "Item"
                                    }
                                }
                            },
                            {
                                "type": "AssignmentStatement",
                                "id": {
                                    "type": "Identifier",
                                    "value": "maxInstancesPerEmitter"
                                },
                                "value": {
                                    "type": "AssignmentExpression",
                                    "operator": "=",
                                    "value": {
                                        "type": "NumericLiteral",
                                        "value": 2
                                    }
                                }
                            },
                            {
                                "type": "AssignmentStatement",
                                "id": {
                                    "type": "Identifier",
                                    "value": "clip"
                                },
                                "value": {
                                    "type": "ObjectConstructorExpression",
                                    "body": [
                                        {
                                            "type": "AssignmentStatement",
                                            "id": {
                                                "type": "Identifier",
                                                "value": "event"
                                            },
                                            "value": {
                                                "type": "AssignmentExpression",
                                                "operator": "=",
                                                "value": {
                                                    "type": "StringLiteral",
                                                    "value": "Weapon/Firearm/Magnum/Shoot"
                                                }
                                            }
                                        }
                                    ]
                                }
                            }
                        ]
                    }
                },
                {
                    "type": "ObjectStatement",
                    "category": {
                        "type": "Identifier",
                        "value": "sound"
                    },
                    "id": {
                        "type": "Identifier",
                        "value": "MagnumInsertAmmo"
                    },
                    "value": {
                        "type": "ObjectConstructorExpression",
                        "body": [
                            {
                                "type": "AssignmentStatement",
                                "id": {
                                    "type": "Identifier",
                                    "value": "category"
                                },
                                "value": {
                                    "type": "AssignmentExpression",
                                    "operator": "=",
                                    "value": {
                                        "type": "StringLiteral",
                                        "value": "Item"
                                    }
                                }
                            },
                            {
                                "type": "AssignmentStatement",
                                "id": {
                                    "type": "Identifier",
                                    "value": "clip"
                                },
                                "value": {
                                    "type": "ObjectConstructorExpression",
                                    "body": [
                                        {
                                            "type": "AssignmentStatement",
                                            "id": {
                                                "type": "Identifier",
                                                "value": "event"
                                            },
                                            "value": {
                                                "type": "AssignmentExpression",
                                                "operator": "=",
                                                "value": {
                                                    "type": "StringLiteral",
                                                    "value": "Weapon/Firearm/Magnum/InsertAmmo"
                                                }
                                            }
                                        }
                                    ]
                                }
                            }
                        ]
                    }
                },
                {
                    "type": "ObjectStatement",
                    "category": {
                        "type": "Identifier",
                        "value": "sound"
                    },
                    "id": {
                        "type": "Identifier",
                        "value": "MagnumEjectAmmo"
                    },
                    "value": {
                        "type": "ObjectConstructorExpression",
                        "body": [
                            {
                                "type": "AssignmentStatement",
                                "id": {
                                    "type": "Identifier",
                                    "value": "category"
                                },
                                "value": {
                                    "type": "AssignmentExpression",
                                    "operator": "=",
                                    "value": {
                                        "type": "StringLiteral",
                                        "value": "Item"
                                    }
                                }
                            },
                            {
                                "type": "AssignmentStatement",
                                "id": {
                                    "type": "Identifier",
                                    "value": "clip"
                                },
                                "value": {
                                    "type": "ObjectConstructorExpression",
                                    "body": [
                                        {
                                            "type": "AssignmentStatement",
                                            "id": {
                                                "type": "Identifier",
                                                "value": "event"
                                            },
                                            "value": {
                                                "type": "AssignmentExpression",
                                                "operator": "=",
                                                "value": {
                                                    "type": "StringLiteral",
                                                    "value": "Weapon/Firearm/Magnum/EjectAmmo"
                                                }
                                            }
                                        }
                                    ]
                                }
                            }
                        ]
                    }
                },
                {
                    "type": "ObjectStatement",
                    "category": {
                        "type": "Identifier",
                        "value": "sound"
                    },
                    "id": {
                        "type": "Identifier",
                        "value": "MagnumInsertAmmoStart"
                    },
                    "value": {
                        "type": "ObjectConstructorExpression",
                        "body": [
                            {
                                "type": "AssignmentStatement",
                                "id": {
                                    "type": "Identifier",
                                    "value": "category"
                                },
                                "value": {
                                    "type": "AssignmentExpression",
                                    "operator": "=",
                                    "value": {
                                        "type": "StringLiteral",
                                        "value": "Item"
                                    }
                                }
                            },
                            {
                                "type": "AssignmentStatement",
                                "id": {
                                    "type": "Identifier",
                                    "value": "clip"
                                },
                                "value": {
                                    "type": "ObjectConstructorExpression",
                                    "body": [
                                        {
                                            "type": "AssignmentStatement",
                                            "id": {
                                                "type": "Identifier",
                                                "value": "event"
                                            },
                                            "value": {
                                                "type": "AssignmentExpression",
                                                "operator": "=",
                                                "value": {
                                                    "type": "StringLiteral",
                                                    "value": "Weapon/Firearm/Magnum/InsertAmmoStart"
                                                }
                                            }
                                        }
                                    ]
                                }
                            }
                        ]
                    }
                },
                {
                    "type": "ObjectStatement",
                    "category": {
                        "type": "Identifier",
                        "value": "sound"
                    },
                    "id": {
                        "type": "Identifier",
                        "value": "MagnumInsertAmmoStop"
                    },
                    "value": {
                        "type": "ObjectConstructorExpression",
                        "body": [
                            {
                                "type": "AssignmentStatement",
                                "id": {
                                    "type": "Identifier",
                                    "value": "category"
                                },
                                "value": {
                                    "type": "AssignmentExpression",
                                    "operator": "=",
                                    "value": {
                                        "type": "StringLiteral",
                                        "value": "Item"
                                    }
                                }
                            },
                            {
                                "type": "AssignmentStatement",
                                "id": {
                                    "type": "Identifier",
                                    "value": "clip"
                                },
                                "value": {
                                    "type": "ObjectConstructorExpression",
                                    "body": [
                                        {
                                            "type": "AssignmentStatement",
                                            "id": {
                                                "type": "Identifier",
                                                "value": "event"
                                            },
                                            "value": {
                                                "type": "AssignmentExpression",
                                                "operator": "=",
                                                "value": {
                                                    "type": "StringLiteral",
                                                    "value": "Weapon/Firearm/Magnum/InsertAmmoStop"
                                                }
                                            }
                                        }
                                    ]
                                }
                            }
                        ]
                    }
                },
                {
                    "type": "ObjectStatement",
                    "category": {
                        "type": "Identifier",
                        "value": "sound"
                    },
                    "id": {
                        "type": "Identifier",
                        "value": "MagnumEjectAmmoStart"
                    },
                    "value": {
                        "type": "ObjectConstructorExpression",
                        "body": [
                            {
                                "type": "AssignmentStatement",
                                "id": {
                                    "type": "Identifier",
                                    "value": "category"
                                },
                                "value": {
                                    "type": "AssignmentExpression",
                                    "operator": "=",
                                    "value": {
                                        "type": "StringLiteral",
                                        "value": "Item"
                                    }
                                }
                            },
                            {
                                "type": "AssignmentStatement",
                                "id": {
                                    "type": "Identifier",
                                    "value": "clip"
                                },
                                "value": {
                                    "type": "ObjectConstructorExpression",
                                    "body": [
                                        {
                                            "type": "AssignmentStatement",
                                            "id": {
                                                "type": "Identifier",
                                                "value": "event"
                                            },
                                            "value": {
                                                "type": "AssignmentExpression",
                                                "operator": "=",
                                                "value": {
                                                    "type": "StringLiteral",
                                                    "value": "Weapon/Firearm/Magnum/EjectAmmoStart"
                                                }
                                            }
                                        }
                                    ]
                                }
                            }
                        ]
                    }
                },
                {
                    "type": "ObjectStatement",
                    "category": {
                        "type": "Identifier",
                        "value": "sound"
                    },
                    "id": {
                        "type": "Identifier",
                        "value": "MagnumEjectAmmoStop"
                    },
                    "value": {
                        "type": "ObjectConstructorExpression",
                        "body": [
                            {
                                "type": "AssignmentStatement",
                                "id": {
                                    "type": "Identifier",
                                    "value": "category"
                                },
                                "value": {
                                    "type": "AssignmentExpression",
                                    "operator": "=",
                                    "value": {
                                        "type": "StringLiteral",
                                        "value": "Item"
                                    }
                                }
                            },
                            {
                                "type": "AssignmentStatement",
                                "id": {
                                    "type": "Identifier",
                                    "value": "clip"
                                },
                                "value": {
                                    "type": "ObjectConstructorExpression",
                                    "body": [
                                        {
                                            "type": "AssignmentStatement",
                                            "id": {
                                                "type": "Identifier",
                                                "value": "event"
                                            },
                                            "value": {
                                                "type": "AssignmentExpression",
                                                "operator": "=",
                                                "value": {
                                                    "type": "StringLiteral",
                                                    "value": "Weapon/Firearm/Magnum/EjectAmmoStop"
                                                }
                                            }
                                        }
                                    ]
                                }
                            }
                        ]
                    }
                },
                {
                    "type": "ObjectStatement",
                    "category": {
                        "type": "Identifier",
                        "value": "sound"
                    },
                    "id": {
                        "type": "Identifier",
                        "value": "MagnumJam"
                    },
                    "value": {
                        "type": "ObjectConstructorExpression",
                        "body": [
                            {
                                "type": "AssignmentStatement",
                                "id": {
                                    "type": "Identifier",
                                    "value": "category"
                                },
                                "value": {
                                    "type": "AssignmentExpression",
                                    "operator": "=",
                                    "value": {
                                        "type": "StringLiteral",
                                        "value": "Item"
                                    }
                                }
                            },
                            {
                                "type": "AssignmentStatement",
                                "id": {
                                    "type": "Identifier",
                                    "value": "clip"
                                },
                                "value": {
                                    "type": "ObjectConstructorExpression",
                                    "body": [
                                        {
                                            "type": "AssignmentStatement",
                                            "id": {
                                                "type": "Identifier",
                                                "value": "event"
                                            },
                                            "value": {
                                                "type": "AssignmentExpression",
                                                "operator": "=",
                                                "value": {
                                                    "type": "StringLiteral",
                                                    "value": "Weapon/Firearm/Magnum/Jam"
                                                }
                                            }
                                        }
                                    ]
                                }
                            }
                        ]
                    }
                },
                {
                    "type": "ObjectStatement",
                    "category": {
                        "type": "Identifier",
                        "value": "sound"
                    },
                    "id": {
                        "type": "Identifier",
                        "value": "MagnumBringToBear"
                    },
                    "value": {
                        "type": "ObjectConstructorExpression",
                        "body": [
                            {
                                "type": "AssignmentStatement",
                                "id": {
                                    "type": "Identifier",
                                    "value": "category"
                                },
                                "value": {
                                    "type": "AssignmentExpression",
                                    "operator": "=",
                                    "value": {
                                        "type": "StringLiteral",
                                        "value": "Item"
                                    }
                                }
                            },
                            {
                                "type": "AssignmentStatement",
                                "id": {
                                    "type": "Identifier",
                                    "value": "clip"
                                },
                                "value": {
                                    "type": "ObjectConstructorExpression",
                                    "body": [
                                        {
                                            "type": "AssignmentStatement",
                                            "id": {
                                                "type": "Identifier",
                                                "value": "event"
                                            },
                                            "value": {
                                                "type": "AssignmentExpression",
                                                "operator": "=",
                                                "value": {
                                                    "type": "StringLiteral",
                                                    "value": "Weapon/Firearm/Magnum/BringToBear"
                                                }
                                            }
                                        }
                                    ]
                                }
                            }
                        ]
                    }
                },
                {
                    "type": "ObjectStatement",
                    "category": {
                        "type": "Identifier",
                        "value": "sound"
                    },
                    "id": {
                        "type": "Identifier",
                        "value": "MagnumEquip"
                    },
                    "value": {
                        "type": "ObjectConstructorExpression",
                        "body": [
                            {
                                "type": "AssignmentStatement",
                                "id": {
                                    "type": "Identifier",
                                    "value": "category"
                                },
                                "value": {
                                    "type": "AssignmentExpression",
                                    "operator": "=",
                                    "value": {
                                        "type": "StringLiteral",
                                        "value": "Item"
                                    }
                                }
                            },
                            {
                                "type": "AssignmentStatement",
                                "id": {
                                    "type": "Identifier",
                                    "value": "clip"
                                },
                                "value": {
                                    "type": "ObjectConstructorExpression",
                                    "body": [
                                        {
                                            "type": "AssignmentStatement",
                                            "id": {
                                                "type": "Identifier",
                                                "value": "event"
                                            },
                                            "value": {
                                                "type": "AssignmentExpression",
                                                "operator": "=",
                                                "value": {
                                                    "type": "StringLiteral",
                                                    "value": "Weapon/Firearm/Magnum/Equip"
                                                }
                                            }
                                        }
                                    ]
                                }
                            }
                        ]
                    }
                },
                {
                    "type": "ObjectStatement",
                    "category": {
                        "type": "Identifier",
                        "value": "sound"
                    },
                    "id": {
                        "type": "Identifier",
                        "value": "MagnumUnEquip"
                    },
                    "value": {
                        "type": "ObjectConstructorExpression",
                        "body": [
                            {
                                "type": "AssignmentStatement",
                                "id": {
                                    "type": "Identifier",
                                    "value": "category"
                                },
                                "value": {
                                    "type": "AssignmentExpression",
                                    "operator": "=",
                                    "value": {
                                        "type": "StringLiteral",
                                        "value": "Item"
                                    }
                                }
                            },
                            {
                                "type": "AssignmentStatement",
                                "id": {
                                    "type": "Identifier",
                                    "value": "clip"
                                },
                                "value": {
                                    "type": "ObjectConstructorExpression",
                                    "body": [
                                        {
                                            "type": "AssignmentStatement",
                                            "id": {
                                                "type": "Identifier",
                                                "value": "event"
                                            },
                                            "value": {
                                                "type": "AssignmentExpression",
                                                "operator": "=",
                                                "value": {
                                                    "type": "StringLiteral",
                                                    "value": "Weapon/Firearm/Magnum/UnEquip"
                                                }
                                            }
                                        }
                                    ]
                                }
                            }
                        ]
                    }
                },
                {
                    "type": "ObjectStatement",
                    "category": {
                        "type": "Identifier",
                        "value": "sound"
                    },
                    "id": {
                        "type": "Identifier",
                        "value": "MagnumBreak"
                    },
                    "value": {
                        "type": "ObjectConstructorExpression",
                        "body": [
                            {
                                "type": "AssignmentStatement",
                                "id": {
                                    "type": "Identifier",
                                    "value": "category"
                                },
                                "value": {
                                    "type": "AssignmentExpression",
                                    "operator": "=",
                                    "value": {
                                        "type": "StringLiteral",
                                        "value": "Item"
                                    }
                                }
                            },
                            {
                                "type": "AssignmentStatement",
                                "id": {
                                    "type": "Identifier",
                                    "value": "clip"
                                },
                                "value": {
                                    "type": "ObjectConstructorExpression",
                                    "body": [
                                        {
                                            "type": "AssignmentStatement",
                                            "id": {
                                                "type": "Identifier",
                                                "value": "event"
                                            },
                                            "value": {
                                                "type": "AssignmentExpression",
                                                "operator": "=",
                                                "value": {
                                                    "type": "StringLiteral",
                                                    "value": "Weapon/Firearm/Magnum/Break"
                                                }
                                            }
                                        }
                                    ]
                                }
                            }
                        ]
                    }
                },
                {
                    "type": "ObjectStatement",
                    "category": {
                        "type": "Identifier",
                        "value": "sound"
                    },
                    "id": {
                        "type": "Identifier",
                        "value": "MagnumCartridgeFall"
                    },
                    "value": {
                        "type": "ObjectConstructorExpression",
                        "body": [
                            {
                                "type": "AssignmentStatement",
                                "id": {
                                    "type": "Identifier",
                                    "value": "category"
                                },
                                "value": {
                                    "type": "AssignmentExpression",
                                    "operator": "=",
                                    "value": {
                                        "type": "StringLiteral",
                                        "value": "Item"
                                    }
                                }
                            },
                            {
                                "type": "AssignmentStatement",
                                "id": {
                                    "type": "Identifier",
                                    "value": "clip"
                                },
                                "value": {
                                    "type": "ObjectConstructorExpression",
                                    "body": [
                                        {
                                            "type": "AssignmentStatement",
                                            "id": {
                                                "type": "Identifier",
                                                "value": "event"
                                            },
                                            "value": {
                                                "type": "AssignmentExpression",
                                                "operator": "=",
                                                "value": {
                                                    "type": "StringLiteral",
                                                    "value": "Weapon/Firearm/Magnum/CartridgeFall"
                                                }
                                            }
                                        }
                                    ]
                                }
                            }
                        ]
                    }
                }
            ]
        }
    }
]