[
    {
        "type": "AssignmentStatement",
        "id": {
            "type": "Identifier",
            "value": "Base"
        },
        "value": {
            "type": "ModuleConstructorExpression",
            "body": [
                {
                    "type": "ObjectStatement",
                    "category": {
                        "type": "Identifier",
                        "value": "sound"
                    },
                    "id": {
                        "type": "Identifier",
                        "value": "M14Shoot"
                    },
                    "value": {
                        "type": "ObjectConstructorExpression",
                        "body": [
                            {
                                "type": "AssignmentStatement",
                                "id": {
                                    "type": "Identifier",
                                    "value": "category"
                                },
                                "value": {
                                    "type": "AssignmentExpression",
                                    "operator": "=",
                                    "value": {
                                        "type": "StringLiteral",
                                        "value": "Item"
                                    }
                                }
                            },
                            {
                                "type": "AssignmentStatement",
                                "id": {
                                    "type": "Identifier",
                                    "value": "maxInstancesPerEmitter"
                                },
                                "value": {
                                    "type": "AssignmentExpression",
                                    "operator": "=",
                                    "value": {
                                        "type": "NumericLiteral",
                                        "value": 2
                                    }
                                }
                            },
                            {
                                "type": "AssignmentStatement",
                                "id": {
                                    "type": "Identifier",
                                    "value": "clip"
                                },
                                "value": {
                                    "type": "ObjectConstructorExpression",
                                    "body": [
                                        {
                                            "type": "AssignmentStatement",
                                            "id": {
                                                "type": "Identifier",
                                                "value": "event"
                                            },
                                            "value": {
                                                "type": "AssignmentExpression",
                                                "operator": "=",
                                                "value": {
                                                    "type": "StringLiteral",
                                                    "value": "Weapon/Firearm/M14/Shoot"
                                                }
                                            }
                                        }
                                    ]
                                }
                            }
                        ]
                    }
                },
                {
                    "type": "ObjectStatement",
                    "category": {
                        "type": "Identifier",
                        "value": "sound"
                    },
                    "id": {
                        "type": "Identifier",
                        "value": "M14InsertAmmo"
                    },
                    "value": {
                        "type": "ObjectConstructorExpression",
                        "body": [
                            {
                                "type": "AssignmentStatement",
                                "id": {
                                    "type": "Identifier",
                                    "value": "category"
                                },
                                "value": {
                                    "type": "AssignmentExpression",
                                    "operator": "=",
                                    "value": {
                                        "type": "StringLiteral",
                                        "value": "Item"
                                    }
                                }
                            },
                            {
                                "type": "AssignmentStatement",
                                "id": {
                                    "type": "Identifier",
                                    "value": "clip"
                                },
                                "value": {
                                    "type": "ObjectConstructorExpression",
                                    "body": [
                                        {
                                            "type": "AssignmentStatement",
                                            "id": {
                                                "type": "Identifier",
                                                "value": "event"
                                            },
                                            "value": {
                                                "type": "AssignmentExpression",
                                                "operator": "=",
                                                "value": {
                                                    "type": "StringLiteral",
                                                    "value": "Weapon/Firearm/M14/InsertAmmo"
                                                }
                                            }
                                        }
                                    ]
                                }
                            }
                        ]
                    }
                },
                {
                    "type": "ObjectStatement",
                    "category": {
                        "type": "Identifier",
                        "value": "sound"
                    },
                    "id": {
                        "type": "Identifier",
                        "value": "M14EjectAmmo"
                    },
                    "value": {
                        "type": "ObjectConstructorExpression",
                        "body": [
                            {
                                "type": "AssignmentStatement",
                                "id": {
                                    "type": "Identifier",
                                    "value": "category"
                                },
                                "value": {
                                    "type": "AssignmentExpression",
                                    "operator": "=",
                                    "value": {
                                        "type": "StringLiteral",
                                        "value": "Item"
                                    }
                                }
                            },
                            {
                                "type": "AssignmentStatement",
                                "id": {
                                    "type": "Identifier",
                                    "value": "clip"
                                },
                                "value": {
                                    "type": "ObjectConstructorExpression",
                                    "body": [
                                        {
                                            "type": "AssignmentStatement",
                                            "id": {
                                                "type": "Identifier",
                                                "value": "event"
                                            },
                                            "value": {
                                                "type": "AssignmentExpression",
                                                "operator": "=",
                                                "value": {
                                                    "type": "StringLiteral",
                                                    "value": "Weapon/Firearm/M14/EjectAmmo"
                                                }
                                            }
                                        }
                                    ]
                                }
                            }
                        ]
                    }
                },
                {
                    "type": "ObjectStatement",
                    "category": {
                        "type": "Identifier",
                        "value": "sound"
                    },
                    "id": {
                        "type": "Identifier",
                        "value": "M14InsertAmmoStart"
                    },
                    "value": {
                        "type": "ObjectConstructorExpression",
                        "body": [
                            {
                                "type": "AssignmentStatement",
                                "id": {
                                    "type": "Identifier",
                                    "value": "category"
                                },
                                "value": {
                                    "type": "AssignmentExpression",
                                    "operator": "=",
                                    "value": {
                                        "type": "StringLiteral",
                                        "value": "Item"
                                    }
                                }
                            },
                            {
                                "type": "AssignmentStatement",
                                "id": {
                                    "type": "Identifier",
                                    "value": "clip"
                                },
                                "value": {
                                    "type": "ObjectConstructorExpression",
                                    "body": [
                                        {
                                            "type": "AssignmentStatement",
                                            "id": {
                                                "type": "Identifier",
                                                "value": "event"
                                            },
                                            "value": {
                                                "type": "AssignmentExpression",
                                                "operator": "=",
                                                "value": {
                                                    "type": "StringLiteral",
                                                    "value": "Weapon/Firearm/M14/InsertAmmoStart"
                                                }
                                            }
                                        }
                                    ]
                                }
                            }
                        ]
                    }
                },
                {
                    "type": "ObjectStatement",
                    "category": {
                        "type": "Identifier",
                        "value": "sound"
                    },
                    "id": {
                        "type": "Identifier",
                        "value": "M14InsertAmmoStop"
                    },
                    "value": {
                        "type": "ObjectConstructorExpression",
                        "body": [
                            {
                                "type": "AssignmentStatement",
                                "id": {
                                    "type": "Identifier",
                                    "value": "category"
                                },
                                "value": {
                                    "type": "AssignmentExpression",
                                    "operator": "=",
                                    "value": {
                                        "type": "StringLiteral",
                                        "value": "Item"
                                    }
                                }
                            },
                            {
                                "type": "AssignmentStatement",
                                "id": {
                                    "type": "Identifier",
                                    "value": "clip"
                                },
                                "value": {
                                    "type": "ObjectConstructorExpression",
                                    "body": [
                                        {
                                            "type": "AssignmentStatement",
                                            "id": {
                                                "type": "Identifier",
                                                "value": "event"
                                            },
                                            "value": {
                                                "type": "AssignmentExpression",
                                                "operator": "=",
                                                "value": {
                                                    "type": "StringLiteral",
                                                    "value": "Weapon/Firearm/M14/InsertAmmoStop"
                                                }
                                            }
                                        }
                                    ]
                                }
                            }
                        ]
                    }
                },
                {
                    "type": "ObjectStatement",
                    "category": {
                        "type": "Identifier",
                        "value": "sound"
                    },
                    "id": {
                        "type": "Identifier",
                        "value": "M14EjectAmmoStart"
                    },
                    "value": {
                        "type": "ObjectConstructorExpression",
                        "body": [
                            {
                                "type": "AssignmentStatement",
                                "id": {
                                    "type": "Identifier",
                                    "value": "category"
                                },
                                "value": {
                                    "type": "AssignmentExpression",
                                    "operator": "=",
                                    "value": {
                                        "type": "StringLiteral",
                                        "value": "Item"
                                    }
                                }
                            },
                            {
                                "type": "AssignmentStatement",
                                "id": {
                                    "type": "Identifier",
                                    "value": "clip"
                                },
                                "value": {
                                    "type": "ObjectConstructorExpression",
                                    "body": [
                                        {
                                            "type": "AssignmentStatement",
                                            "id": {
                                                "type": "Identifier",
                                                "value": "event"
                                            },
                                            "value": {
                                                "type": "AssignmentExpression",
                                                "operator": "=",
                                                "value": {
                                                    "type": "StringLiteral",
                                                    "value": "Weapon/Firearm/M14/EjectAmmoStart"
                                                }
                                            }
                                        }
                                    ]
                                }
                            }
                        ]
                    }
                },
                {
                    "type": "ObjectStatement",
                    "category": {
                        "type": "Identifier",
                        "value": "sound"
                    },
                    "id": {
                        "type": "Identifier",
                        "value": "M14EjectAmmoStop"
                    },
                    "value": {
                        "type": "ObjectConstructorExpression",
                        "body": [
                            {
                                "type": "AssignmentStatement",
                                "id": {
                                    "type": "Identifier",
                                    "value": "category"
                                },
                                "value": {
                                    "type": "AssignmentExpression",
                                    "operator": "=",
                                    "value": {
                                        "type": "StringLiteral",
                                        "value": "Item"
                                    }
                                }
                            },
                            {
                                "type": "AssignmentStatement",
                                "id": {
                                    "type": "Identifier",
                                    "value": "clip"
                                },
                                "value": {
                                    "type": "ObjectConstructorExpression",
                                    "body": [
                                        {
                                            "type": "AssignmentStatement",
                                            "id": {
                                                "type": "Identifier",
                                                "value": "event"
                                            },
                                            "value": {
                                                "type": "AssignmentExpression",
                                                "operator": "=",
                                                "value": {
                                                    "type": "StringLiteral",
                                                    "value": "Weapon/Firearm/M14/EjectAmmoStop"
                                                }
                                            }
                                        }
                                    ]
                                }
                            }
                        ]
                    }
                },
                {
                    "type": "ObjectStatement",
                    "category": {
                        "type": "Identifier",
                        "value": "sound"
                    },
                    "id": {
                        "type": "Identifier",
                        "value": "M14Rack"
                    },
                    "value": {
                        "type": "ObjectConstructorExpression",
                        "body": [
                            {
                                "type": "AssignmentStatement",
                                "id": {
                                    "type": "Identifier",
                                    "value": "category"
                                },
                                "value": {
                                    "type": "AssignmentExpression",
                                    "operator": "=",
                                    "value": {
                                        "type": "StringLiteral",
                                        "value": "Item"
                                    }
                                }
                            },
                            {
                                "type": "AssignmentStatement",
                                "id": {
                                    "type": "Identifier",
                                    "value": "clip"
                                },
                                "value": {
                                    "type": "ObjectConstructorExpression",
                                    "body": [
                                        {
                                            "type": "AssignmentStatement",
                                            "id": {
                                                "type": "Identifier",
                                                "value": "event"
                                            },
                                            "value": {
                                                "type": "AssignmentExpression",
                                                "operator": "=",
                                                "value": {
                                                    "type": "StringLiteral",
                                                    "value": "Weapon/Firearm/M14/Rack"
                                                }
                                            }
                                        }
                                    ]
                                }
                            }
                        ]
                    }
                },
                {
                    "type": "ObjectStatement",
                    "category": {
                        "type": "Identifier",
                        "value": "sound"
                    },
                    "id": {
                        "type": "Identifier",
                        "value": "M14Jam"
                    },
                    "value": {
                        "type": "ObjectConstructorExpression",
                        "body": [
                            {
                                "type": "AssignmentStatement",
                                "id": {
                                    "type": "Identifier",
                                    "value": "category"
                                },
                                "value": {
                                    "type": "AssignmentExpression",
                                    "operator": "=",
                                    "value": {
                                        "type": "StringLiteral",
                                        "value": "Item"
                                    }
                                }
                            },
                            {
                                "type": "AssignmentStatement",
                                "id": {
                                    "type": "Identifier",
                                    "value": "clip"
                                },
                                "value": {
                                    "type": "ObjectConstructorExpression",
                                    "body": [
                                        {
                                            "type": "AssignmentStatement",
                                            "id": {
                                                "type": "Identifier",
                                                "value": "event"
                                            },
                                            "value": {
                                                "type": "AssignmentExpression",
                                                "operator": "=",
                                                "value": {
                                                    "type": "StringLiteral",
                                                    "value": "Weapon/Firearm/M14/Jam"
                                                }
                                            }
                                        }
                                    ]
                                }
                            }
                        ]
                    }
                },
                {
                    "type": "ObjectStatement",
                    "category": {
                        "type": "Identifier",
                        "value": "sound"
                    },
                    "id": {
                        "type": "Identifier",
                        "value": "M14BringToBear"
                    },
                    "value": {
                        "type": "ObjectConstructorExpression",
                        "body": [
                            {
                                "type": "AssignmentStatement",
                                "id": {
                                    "type": "Identifier",
                                    "value": "category"
                                },
                                "value": {
                                    "type": "AssignmentExpression",
                                    "operator": "=",
                                    "value": {
                                        "type": "StringLiteral",
                                        "value": "Item"
                                    }
                                }
                            },
                            {
                                "type": "AssignmentStatement",
                                "id": {
                                    "type": "Identifier",
                                    "value": "clip"
                                },
                                "value": {
                                    "type": "ObjectConstructorExpression",
                                    "body": [
                                        {
                                            "type": "AssignmentStatement",
                                            "id": {
                                                "type": "Identifier",
                                                "value": "event"
                                            },
                                            "value": {
                                                "type": "AssignmentExpression",
                                                "operator": "=",
                                                "value": {
                                                    "type": "StringLiteral",
                                                    "value": "Weapon/Firearm/M14/BringToBear"
                                                }
                                            }
                                        }
                                    ]
                                }
                            }
                        ]
                    }
                },
                {
                    "type": "ObjectStatement",
                    "category": {
                        "type": "Identifier",
                        "value": "sound"
                    },
                    "id": {
                        "type": "Identifier",
                        "value": "M14Equip"
                    },
                    "value": {
                        "type": "ObjectConstructorExpression",
                        "body": [
                            {
                                "type": "AssignmentStatement",
                                "id": {
                                    "type": "Identifier",
                                    "value": "category"
                                },
                                "value": {
                                    "type": "AssignmentExpression",
                                    "operator": "=",
                                    "value": {
                                        "type": "StringLiteral",
                                        "value": "Item"
                                    }
                                }
                            },
                            {
                                "type": "AssignmentStatement",
                                "id": {
                                    "type": "Identifier",
                                    "value": "clip"
                                },
                                "value": {
                                    "type": "ObjectConstructorExpression",
                                    "body": [
                                        {
                                            "type": "AssignmentStatement",
                                            "id": {
                                                "type": "Identifier",
                                                "value": "event"
                                            },
                                            "value": {
                                                "type": "AssignmentExpression",
                                                "operator": "=",
                                                "value": {
                                                    "type": "StringLiteral",
                                                    "value": "Weapon/Firearm/M14/Equip"
                                                }
                                            }
                                        }
                                    ]
                                }
                            }
                        ]
                    }
                },
                {
                    "type": "ObjectStatement",
                    "category": {
                        "type": "Identifier",
                        "value": "sound"
                    },
                    "id": {
                        "type": "Identifier",
                        "value": "M14UnEquip"
                    },
                    "value": {
                        "type": "ObjectConstructorExpression",
                        "body": [
                            {
                                "type": "AssignmentStatement",
                                "id": {
                                    "type": "Identifier",
                                    "value": "category"
                                },
                                "value": {
                                    "type": "AssignmentExpression",
                                    "operator": "=",
                                    "value": {
                                        "type": "StringLiteral",
                                        "value": "Item"
                                    }
                                }
                            },
                            {
                                "type": "AssignmentStatement",
                                "id": {
                                    "type": "Identifier",
                                    "value": "clip"
                                },
                                "value": {
                                    "type": "ObjectConstructorExpression",
                                    "body": [
                                        {
                                            "type": "AssignmentStatement",
                                            "id": {
                                                "type": "Identifier",
                                                "value": "event"
                                            },
                                            "value": {
                                                "type": "AssignmentExpression",
                                                "operator": "=",
                                                "value": {
                                                    "type": "StringLiteral",
                                                    "value": "Weapon/Firearm/M14/UnEquip"
                                                }
                                            }
                                        }
                                    ]
                                }
                            }
                        ]
                    }
                },
                {
                    "type": "ObjectStatement",
                    "category": {
                        "type": "Identifier",
                        "value": "sound"
                    },
                    "id": {
                        "type": "Identifier",
                        "value": "M14Break"
                    },
                    "value": {
                        "type": "ObjectConstructorExpression",
                        "body": [
                            {
                                "type": "AssignmentStatement",
                                "id": {
                                    "type": "Identifier",
                                    "value": "category"
                                },
                                "value": {
                                    "type": "AssignmentExpression",
                                    "operator": "=",
                                    "value": {
                                        "type": "StringLiteral",
                                        "value": "Item"
                                    }
                                }
                            },
                            {
                                "type": "AssignmentStatement",
                                "id": {
                                    "type": "Identifier",
                                    "value": "clip"
                                },
                                "value": {
                                    "type": "ObjectConstructorExpression",
                                    "body": [
                                        {
                                            "type": "AssignmentStatement",
                                            "id": {
                                                "type": "Identifier",
                                                "value": "event"
                                            },
                                            "value": {
                                                "type": "AssignmentExpression",
                                                "operator": "=",
                                                "value": {
                                                    "type": "StringLiteral",
                                                    "value": "Weapon/Firearm/M14/Break"
                                                }
                                            }
                                        }
                                    ]
                                }
                            }
                        ]
                    }
                },
                {
                    "type": "ObjectStatement",
                    "category": {
                        "type": "Identifier",
                        "value": "sound"
                    },
                    "id": {
                        "type": "Identifier",
                        "value": "M14CartridgeFall"
                    },
                    "value": {
                        "type": "ObjectConstructorExpression",
                        "body": [
                            {
                                "type": "AssignmentStatement",
                                "id": {
                                    "type": "Identifier",
                                    "value": "category"
                                },
                                "value": {
                                    "type": "AssignmentExpression",
                                    "operator": "=",
                                    "value": {
                                        "type": "StringLiteral",
                                        "value": "Item"
                                    }
                                }
                            },
                            {
                                "type": "AssignmentStatement",
                                "id": {
                                    "type": "Identifier",
                                    "value": "clip"
                                },
                                "value": {
                                    "type": "ObjectConstructorExpression",
                                    "body": [
                                        {
                                            "type": "AssignmentStatement",
                                            "id": {
                                                "type": "Identifier",
                                                "value": "event"
                                            },
                                            "value": {
                                                "type": "AssignmentExpression",
                                                "operator": "=",
                                                "value": {
                                                    "type": "StringLiteral",
                                                    "value": "Weapon/Firearm/M14/CartridgeFall"
                                                }
                                            }
                                        }
                                    ]
                                }
                            }
                        ]
                    }
                }
            ]
        }
    }
]