[
    {
        "type": "AssignmentStatement",
        "id": {
            "type": "Identifier",
            "value": "Base"
        },
        "value": {
            "type": "ModuleConstructorExpression",
            "body": [
                {
                    "type": "ObjectStatement",
                    "category": {
                        "type": "Identifier",
                        "value": "sound"
                    },
                    "id": {
                        "type": "Identifier",
                        "value": "SawnOffDoubleBarrelShotgunShoot"
                    },
                    "value": {
                        "type": "ObjectConstructorExpression",
                        "body": [
                            {
                                "type": "AssignmentStatement",
                                "id": {
                                    "type": "Identifier",
                                    "value": "category"
                                },
                                "value": {
                                    "type": "AssignmentExpression",
                                    "operator": "=",
                                    "value": {
                                        "type": "StringLiteral",
                                        "value": "Item"
                                    }
                                }
                            },
                            {
                                "type": "AssignmentStatement",
                                "id": {
                                    "type": "Identifier",
                                    "value": "maxInstancesPerEmitter"
                                },
                                "value": {
                                    "type": "AssignmentExpression",
                                    "operator": "=",
                                    "value": {
                                        "type": "NumericLiteral",
                                        "value": 2
                                    }
                                }
                            },
                            {
                                "type": "AssignmentStatement",
                                "id": {
                                    "type": "Identifier",
                                    "value": "clip"
                                },
                                "value": {
                                    "type": "ObjectConstructorExpression",
                                    "body": [
                                        {
                                            "type": "AssignmentStatement",
                                            "id": {
                                                "type": "Identifier",
                                                "value": "event"
                                            },
                                            "value": {
                                                "type": "AssignmentExpression",
                                                "operator": "=",
                                                "value": {
                                                    "type": "StringLiteral",
                                                    "value": "Weapon/Firearm/SawnOffDoubleBarrelShotgun/Shoot"
                                                }
                                            }
                                        }
                                    ]
                                }
                            }
                        ]
                    }
                },
                {
                    "type": "ObjectStatement",
                    "category": {
                        "type": "Identifier",
                        "value": "sound"
                    },
                    "id": {
                        "type": "Identifier",
                        "value": "SawnOffDoubleBarrelShotgunInsertAmmo"
                    },
                    "value": {
                        "type": "ObjectConstructorExpression",
                        "body": [
                            {
                                "type": "AssignmentStatement",
                                "id": {
                                    "type": "Identifier",
                                    "value": "category"
                                },
                                "value": {
                                    "type": "AssignmentExpression",
                                    "operator": "=",
                                    "value": {
                                        "type": "StringLiteral",
                                        "value": "Item"
                                    }
                                }
                            },
                            {
                                "type": "AssignmentStatement",
                                "id": {
                                    "type": "Identifier",
                                    "value": "clip"
                                },
                                "value": {
                                    "type": "ObjectConstructorExpression",
                                    "body": [
                                        {
                                            "type": "AssignmentStatement",
                                            "id": {
                                                "type": "Identifier",
                                                "value": "event"
                                            },
                                            "value": {
                                                "type": "AssignmentExpression",
                                                "operator": "=",
                                                "value": {
                                                    "type": "StringLiteral",
                                                    "value": "Weapon/Firearm/SawnOffDoubleBarrelShotgun/InsertAmmo"
                                                }
                                            }
                                        }
                                    ]
                                }
                            }
                        ]
                    }
                },
                {
                    "type": "ObjectStatement",
                    "category": {
                        "type": "Identifier",
                        "value": "sound"
                    },
                    "id": {
                        "type": "Identifier",
                        "value": "SawnOffDoubleBarrelShotgunEjectAmmo"
                    },
                    "value": {
                        "type": "ObjectConstructorExpression",
                        "body": [
                            {
                                "type": "AssignmentStatement",
                                "id": {
                                    "type": "Identifier",
                                    "value": "category"
                                },
                                "value": {
                                    "type": "AssignmentExpression",
                                    "operator": "=",
                                    "value": {
                                        "type": "StringLiteral",
                                        "value": "Item"
                                    }
                                }
                            },
                            {
                                "type": "AssignmentStatement",
                                "id": {
                                    "type": "Identifier",
                                    "value": "clip"
                                },
                                "value": {
                                    "type": "ObjectConstructorExpression",
                                    "body": [
                                        {
                                            "type": "AssignmentStatement",
                                            "id": {
                                                "type": "Identifier",
                                                "value": "event"
                                            },
                                            "value": {
                                                "type": "AssignmentExpression",
                                                "operator": "=",
                                                "value": {
                                                    "type": "StringLiteral",
                                                    "value": "Weapon/Firearm/SawnOffDoubleBarrelShotgun/EjectAmmo"
                                                }
                                            }
                                        }
                                    ]
                                }
                            }
                        ]
                    }
                },
                {
                    "type": "ObjectStatement",
                    "category": {
                        "type": "Identifier",
                        "value": "sound"
                    },
                    "id": {
                        "type": "Identifier",
                        "value": "SawnOffDoubleBarrelShotgunInsertAmmoStart"
                    },
                    "value": {
                        "type": "ObjectConstructorExpression",
                        "body": [
                            {
                                "type": "AssignmentStatement",
                                "id": {
                                    "type": "Identifier",
                                    "value": "category"
                                },
                                "value": {
                                    "type": "AssignmentExpression",
                                    "operator": "=",
                                    "value": {
                                        "type": "StringLiteral",
                                        "value": "Item"
                                    }
                                }
                            },
                            {
                                "type": "AssignmentStatement",
                                "id": {
                                    "type": "Identifier",
                                    "value": "clip"
                                },
                                "value": {
                                    "type": "ObjectConstructorExpression",
                                    "body": [
                                        {
                                            "type": "AssignmentStatement",
                                            "id": {
                                                "type": "Identifier",
                                                "value": "event"
                                            },
                                            "value": {
                                                "type": "AssignmentExpression",
                                                "operator": "=",
                                                "value": {
                                                    "type": "StringLiteral",
                                                    "value": "Weapon/Firearm/SawnOffDoubleBarrelShotgun/InsertAmmoStart"
                                                }
                                            }
                                        }
                                    ]
                                }
                            }
                        ]
                    }
                },
                {
                    "type": "ObjectStatement",
                    "category": {
                        "type": "Identifier",
                        "value": "sound"
                    },
                    "id": {
                        "type": "Identifier",
                        "value": "SawnOffDoubleBarrelShotgunInsertAmmoStop"
                    },
                    "value": {
                        "type": "ObjectConstructorExpression",
                        "body": [
                            {
                                "type": "AssignmentStatement",
                                "id": {
                                    "type": "Identifier",
                                    "value": "category"
                                },
                                "value": {
                                    "type": "AssignmentExpression",
                                    "operator": "=",
                                    "value": {
                                        "type": "StringLiteral",
                                        "value": "Item"
                                    }
                                }
                            },
                            {
                                "type": "AssignmentStatement",
                                "id": {
                                    "type": "Identifier",
                                    "value": "clip"
                                },
                                "value": {
                                    "type": "ObjectConstructorExpression",
                                    "body": [
                                        {
                                            "type": "AssignmentStatement",
                                            "id": {
                                                "type": "Identifier",
                                                "value": "event"
                                            },
                                            "value": {
                                                "type": "AssignmentExpression",
                                                "operator": "=",
                                                "value": {
                                                    "type": "StringLiteral",
                                                    "value": "Weapon/Firearm/SawnOffDoubleBarrelShotgun/InsertAmmoStop"
                                                }
                                            }
                                        }
                                    ]
                                }
                            }
                        ]
                    }
                },
                {
                    "type": "ObjectStatement",
                    "category": {
                        "type": "Identifier",
                        "value": "sound"
                    },
                    "id": {
                        "type": "Identifier",
                        "value": "SawnOffDoubleBarrelShotgunEjectAmmoStart"
                    },
                    "value": {
                        "type": "ObjectConstructorExpression",
                        "body": [
                            {
                                "type": "AssignmentStatement",
                                "id": {
                                    "type": "Identifier",
                                    "value": "category"
                                },
                                "value": {
                                    "type": "AssignmentExpression",
                                    "operator": "=",
                                    "value": {
                                        "type": "StringLiteral",
                                        "value": "Item"
                                    }
                                }
                            },
                            {
                                "type": "AssignmentStatement",
                                "id": {
                                    "type": "Identifier",
                                    "value": "clip"
                                },
                                "value": {
                                    "type": "ObjectConstructorExpression",
                                    "body": [
                                        {
                                            "type": "AssignmentStatement",
                                            "id": {
                                                "type": "Identifier",
                                                "value": "event"
                                            },
                                            "value": {
                                                "type": "AssignmentExpression",
                                                "operator": "=",
                                                "value": {
                                                    "type": "StringLiteral",
                                                    "value": "Weapon/Firearm/SawnOffDoubleBarrelShotgun/EjectAmmoStart"
                                                }
                                            }
                                        }
                                    ]
                                }
                            }
                        ]
                    }
                },
                {
                    "type": "ObjectStatement",
                    "category": {
                        "type": "Identifier",
                        "value": "sound"
                    },
                    "id": {
                        "type": "Identifier",
                        "value": "SawnOffDoubleBarrelShotgunEjectAmmoStop"
                    },
                    "value": {
                        "type": "ObjectConstructorExpression",
                        "body": [
                            {
                                "type": "AssignmentStatement",
                                "id": {
                                    "type": "Identifier",
                                    "value": "category"
                                },
                                "value": {
                                    "type": "AssignmentExpression",
                                    "operator": "=",
                                    "value": {
                                        "type": "StringLiteral",
                                        "value": "Item"
                                    }
                                }
                            },
                            {
                                "type": "AssignmentStatement",
                                "id": {
                                    "type": "Identifier",
                                    "value": "clip"
                                },
                                "value": {
                                    "type": "ObjectConstructorExpression",
                                    "body": [
                                        {
                                            "type": "AssignmentStatement",
                                            "id": {
                                                "type": "Identifier",
                                                "value": "event"
                                            },
                                            "value": {
                                                "type": "AssignmentExpression",
                                                "operator": "=",
                                                "value": {
                                                    "type": "StringLiteral",
                                                    "value": "Weapon/Firearm/SawnOffDoubleBarrelShotgun/EjectAmmoStop"
                                                }
                                            }
                                        }
                                    ]
                                }
                            }
                        ]
                    }
                },
                {
                    "type": "ObjectStatement",
                    "category": {
                        "type": "Identifier",
                        "value": "sound"
                    },
                    "id": {
                        "type": "Identifier",
                        "value": "SawnOffDoubleBarrelShotgunJam"
                    },
                    "value": {
                        "type": "ObjectConstructorExpression",
                        "body": [
                            {
                                "type": "AssignmentStatement",
                                "id": {
                                    "type": "Identifier",
                                    "value": "category"
                                },
                                "value": {
                                    "type": "AssignmentExpression",
                                    "operator": "=",
                                    "value": {
                                        "type": "StringLiteral",
                                        "value": "Item"
                                    }
                                }
                            },
                            {
                                "type": "AssignmentStatement",
                                "id": {
                                    "type": "Identifier",
                                    "value": "clip"
                                },
                                "value": {
                                    "type": "ObjectConstructorExpression",
                                    "body": [
                                        {
                                            "type": "AssignmentStatement",
                                            "id": {
                                                "type": "Identifier",
                                                "value": "event"
                                            },
                                            "value": {
                                                "type": "AssignmentExpression",
                                                "operator": "=",
                                                "value": {
                                                    "type": "StringLiteral",
                                                    "value": "Weapon/Firearm/SawnOffDoubleBarrelShotgun/Jam"
                                                }
                                            }
                                        }
                                    ]
                                }
                            }
                        ]
                    }
                },
                {
                    "type": "ObjectStatement",
                    "category": {
                        "type": "Identifier",
                        "value": "sound"
                    },
                    "id": {
                        "type": "Identifier",
                        "value": "SawnOffDoubleBarrelShotgunBringToBear"
                    },
                    "value": {
                        "type": "ObjectConstructorExpression",
                        "body": [
                            {
                                "type": "AssignmentStatement",
                                "id": {
                                    "type": "Identifier",
                                    "value": "category"
                                },
                                "value": {
                                    "type": "AssignmentExpression",
                                    "operator": "=",
                                    "value": {
                                        "type": "StringLiteral",
                                        "value": "Item"
                                    }
                                }
                            },
                            {
                                "type": "AssignmentStatement",
                                "id": {
                                    "type": "Identifier",
                                    "value": "clip"
                                },
                                "value": {
                                    "type": "ObjectConstructorExpression",
                                    "body": [
                                        {
                                            "type": "AssignmentStatement",
                                            "id": {
                                                "type": "Identifier",
                                                "value": "event"
                                            },
                                            "value": {
                                                "type": "AssignmentExpression",
                                                "operator": "=",
                                                "value": {
                                                    "type": "StringLiteral",
                                                    "value": "Weapon/Firearm/SawnOffDoubleBarrelShotgun/BringToBear"
                                                }
                                            }
                                        }
                                    ]
                                }
                            }
                        ]
                    }
                },
                {
                    "type": "ObjectStatement",
                    "category": {
                        "type": "Identifier",
                        "value": "sound"
                    },
                    "id": {
                        "type": "Identifier",
                        "value": "SawnOffDoubleBarrelShotgunEquip"
                    },
                    "value": {
                        "type": "ObjectConstructorExpression",
                        "body": [
                            {
                                "type": "AssignmentStatement",
                                "id": {
                                    "type": "Identifier",
                                    "value": "category"
                                },
                                "value": {
                                    "type": "AssignmentExpression",
                                    "operator": "=",
                                    "value": {
                                        "type": "StringLiteral",
                                        "value": "Item"
                                    }
                                }
                            },
                            {
                                "type": "AssignmentStatement",
                                "id": {
                                    "type": "Identifier",
                                    "value": "clip"
                                },
                                "value": {
                                    "type": "ObjectConstructorExpression",
                                    "body": [
                                        {
                                            "type": "AssignmentStatement",
                                            "id": {
                                                "type": "Identifier",
                                                "value": "event"
                                            },
                                            "value": {
                                                "type": "AssignmentExpression",
                                                "operator": "=",
                                                "value": {
                                                    "type": "StringLiteral",
                                                    "value": "Weapon/Firearm/SawnOffDoubleBarrelShotgun/Equip"
                                                }
                                            }
                                        }
                                    ]
                                }
                            }
                        ]
                    }
                },
                {
                    "type": "ObjectStatement",
                    "category": {
                        "type": "Identifier",
                        "value": "sound"
                    },
                    "id": {
                        "type": "Identifier",
                        "value": "SawnOffDoubleBarrelShotgunUnEquip"
                    },
                    "value": {
                        "type": "ObjectConstructorExpression",
                        "body": [
                            {
                                "type": "AssignmentStatement",
                                "id": {
                                    "type": "Identifier",
                                    "value": "category"
                                },
                                "value": {
                                    "type": "AssignmentExpression",
                                    "operator": "=",
                                    "value": {
                                        "type": "StringLiteral",
                                        "value": "Item"
                                    }
                                }
                            },
                            {
                                "type": "AssignmentStatement",
                                "id": {
                                    "type": "Identifier",
                                    "value": "clip"
                                },
                                "value": {
                                    "type": "ObjectConstructorExpression",
                                    "body": [
                                        {
                                            "type": "AssignmentStatement",
                                            "id": {
                                                "type": "Identifier",
                                                "value": "event"
                                            },
                                            "value": {
                                                "type": "AssignmentExpression",
                                                "operator": "=",
                                                "value": {
                                                    "type": "StringLiteral",
                                                    "value": "Weapon/Firearm/SawnOffDoubleBarrelShotgun/UnEquip"
                                                }
                                            }
                                        }
                                    ]
                                }
                            }
                        ]
                    }
                },
                {
                    "type": "ObjectStatement",
                    "category": {
                        "type": "Identifier",
                        "value": "sound"
                    },
                    "id": {
                        "type": "Identifier",
                        "value": "SawnOffDoubleBarrelShotgunBreak"
                    },
                    "value": {
                        "type": "ObjectConstructorExpression",
                        "body": [
                            {
                                "type": "AssignmentStatement",
                                "id": {
                                    "type": "Identifier",
                                    "value": "category"
                                },
                                "value": {
                                    "type": "AssignmentExpression",
                                    "operator": "=",
                                    "value": {
                                        "type": "StringLiteral",
                                        "value": "Item"
                                    }
                                }
                            },
                            {
                                "type": "AssignmentStatement",
                                "id": {
                                    "type": "Identifier",
                                    "value": "clip"
                                },
                                "value": {
                                    "type": "ObjectConstructorExpression",
                                    "body": [
                                        {
                                            "type": "AssignmentStatement",
                                            "id": {
                                                "type": "Identifier",
                                                "value": "event"
                                            },
                                            "value": {
                                                "type": "AssignmentExpression",
                                                "operator": "=",
                                                "value": {
                                                    "type": "StringLiteral",
                                                    "value": "Weapon/Firearm/SawnOffDoubleBarrelShotgun/Break"
                                                }
                                            }
                                        }
                                    ]
                                }
                            }
                        ]
                    }
                },
                {
                    "type": "ObjectStatement",
                    "category": {
                        "type": "Identifier",
                        "value": "sound"
                    },
                    "id": {
                        "type": "Identifier",
                        "value": "SawnOffDoubleBarrelShotgunCartridgeFall"
                    },
                    "value": {
                        "type": "ObjectConstructorExpression",
                        "body": [
                            {
                                "type": "AssignmentStatement",
                                "id": {
                                    "type": "Identifier",
                                    "value": "category"
                                },
                                "value": {
                                    "type": "AssignmentExpression",
                                    "operator": "=",
                                    "value": {
                                        "type": "StringLiteral",
                                        "value": "Item"
                                    }
                                }
                            },
                            {
                                "type": "AssignmentStatement",
                                "id": {
                                    "type": "Identifier",
                                    "value": "clip"
                                },
                                "value": {
                                    "type": "ObjectConstructorExpression",
                                    "body": [
                                        {
                                            "type": "AssignmentStatement",
                                            "id": {
                                                "type": "Identifier",
                                                "value": "event"
                                            },
                                            "value": {
                                                "type": "AssignmentExpression",
                                                "operator": "=",
                                                "value": {
                                                    "type": "StringLiteral",
                                                    "value": "Weapon/Firearm/SawnOffDoubleBarrelShotgun/CartridgeFall"
                                                }
                                            }
                                        }
                                    ]
                                }
                            }
                        ]
                    }
                }
            ]
        }
    }
]